Train No,Name,Type,Zone,Date From,Date To,From,Dep,To,Arr,Duration,Halts,Dep Days,Classes,Distance,Speed,Return
07040,Kakinada Town - Charlapalli Special Fare Special,Exp,SCR,28-Aug,28-Aug,CCT,18:50,CHZ,7:30,12h 40m,9,F,SL 2A 1A,539 km,43 km/hr,7039
07039,Charlapalli - Kakinada Town Special Fare Special (PT),Exp,SCR,27-Aug,27-Aug,CHZ,19:50,CCT,9:30,13h 40m,9,T,SL 2A 1A,539 km,39 km/hr,7040
05014,Gonda - Mankapur Mela Special,DEMU,NER,15-Aug,28-Aug,GD,15:15,MUR,16:20,1h 5m,3,S M T W T F S,,28 km,26 km/hr,5013
05013,Mankapur - Gonda Mela Special,DEMU,NER,15-Aug,28-Aug,MUR,14:00,GD,14:45,0h 45m,3,S M T W T F S,,28 km,37 km/hr,5014
05012,Gonda - Ayodhya Cantt Mela Special,DEMU,NER,15-Aug,27-Aug,GD,21:40,AYC,0:10,2h 30m,9,S M T W T S,,73 km,29 km/hr,5011
05011,Ayodhya Cantt - Gonda Mela Special,DEMU,NER,16-Aug,28-Aug,AYC,0:30,GD,3:30,3h 0m,9,S M T W T F,,73 km,24 km/hr,5012
07195,Charlapalli - Kollam Special Fare Onam Special,Exp,SCR,14-Aug,4-Sep,CHZ,7:15,QLN,14:00,30h 45m,26,F,SL 3A 2A,1476 km,48 km/hr,7196
07196,Kollam - Charlapalli Special Fare Onam Special,Exp,SCR,15-Aug,5-Sep,QLN,17:20,CHZ,0:30,31h 10m,26,S,SL 3A 2A,1476 km,47 km/hr,7195
03255,Charlapalli - Patna Special Fare Summer Special (PT),Exp,ECR,10-Apr,18-Sep,CHZ,21:00,PNBE,9:30,36h 30m,21,F,SL 3A 3E,1858 km,51 km/hr,3253
03254,Charlapalli - Patna Special Fare Summer Special (PT),Exp,ECR,15-Apr,16-Sep,CHZ,23:00,PNBE,11:30,36h 30m,21,W,SL 3A 3E,1858 km,51 km/hr,3253
07604,Tiruchanur - Hazur Sahib Nanded Special Fare Special (Via Karimnagar),Exp,SCR,22-Jul,26-Aug,TCNR,13:20,NED,9:30,20h 10m,20,W,SL 3A,959 km,48 km/hr,7603
06094,Mangaluru Jn. - Thiruvananthapuram North Special Fare SF Special,SF,SR,13-Aug,3-Sep,MAJN,15:15,TVC,5:30,14h 15m,20,T,SL 3A,634 km,44 km/hr,6093
15308,Haryana Express,Exp,NER,,,SSA,2:50,TKJ,10:25,7h 35m,21,S M T W T F S,CC,311 km,41 km/hr,15307
15307,Haryana Express,Exp,NER,,,TKJ,17:35,SSA,1:20,7h 45m,21,S M T W T F S,CC,311 km,40 km/hr,15308
15138,Budh Purnima Express,Exp,NER,,,BNRS,20:15,RGD,6:10,9h 55m,20,S M T W T F S,SL 3A 2A,418 km,42 km/hr,15137
15627,Coimbatore - Silchar Express (PT),Exp,NFR,,,CBE,22:00,SCL,16:45,66h 45m,44,S,SL 3A 2A 3E,3493 km,52 km/hr,15628
15645,Charlapalli - Silchar Express (PT),Exp,NFR,,,CHZ,16:25,SCL,23:55,55h 30m,35,S,SL 3A 2A 3E,2863 km,52 km/hr,15646
15137,Budh Purnima Express,Exp,NER,,,RGD,21:30,BNRS,7:15,9h 45m,20,S M T W T F S,SL 3A 2A,418 km,43 km/hr,15138
15304,New Delhi - Kasganj Intercity Express,Exp,NER,,,NDLS,16:35,KSJ,0:10,7h 35m,18,S M T W T F S,2S CC,359 km,47 km/hr,15303
14341,Mussoorie Express,Exp,NR,,,SSB,21:20,DDN,9:05,11h 45m,18,S M T W T F S,SL 3A 2A 1A,345 km,29 km/hr,14342
22491,Mandore Superfast Express (PT),SF,NWR,,,JU,20:30,DLI,6:45,10h 15m,16,S M T W T F S,SL 3A 2A 1A 3E,618 km,60 km/hr,22492
15607,Aronai Express (PT),Exp,NFR,,,TVC,16:55,SCL,16:45,71h 50m,55,T,SL 3A 2A 3E,3916 km,55 km/hr,15608
14342,Mussoorie Express,Exp,NR,,,DDN,21:20,SSB,8:25,11h 5m,18,S M T W T F S,SL 3A 2A 1A,345 km,31 km/hr,14341
15305,New Delhi - Rohtak Intercity Express,Exp,NER,,,NDLS,10:45,ROK,12:20,1h 35m,4,S M T W T F S,CC,71 km,45 km/hr,15306
15303,Kasganj - New Delhi Intercity Express,Exp,NER,,,KSJ,2:50,NDLS,10:20,7h 30m,18,S M T W T F S,2S CC,359 km,48 km/hr,15304
15306,Rohtak - New Delhi Intercity Express,Exp,NER,,,ROK,14:00,NDLS,15:45,1h 45m,4,S M T W T F S,CC,71 km,41 km/hr,15305
15646,Silchar - Charlapalli Express (PT),Exp,NFR,,,SCL,19:10,CHZ,4:20,57h 10m,35,W,SL 3A 2A 3E,2863 km,50 km/hr,15645
13035,Upasana Express (PT),Exp,ER,,,HWH,13:00,DDN,18:10,29h 10m,19,T F,SL 3A 2A 1A 3E,1589 km,54 km/hr,13036
13036,Upasana Express (PT),Exp,ER,,,DDN,21:45,HWH,3:15,29h 30m,19,W S,SL 3A 2A 1A 3E,1589 km,54 km/hr,13035
13047,Vibhuti Express (PT),Exp,ER,,,HWH,19:55,PRRB,12:00,16h 5m,31,S M T W T F S,SL 3A 2A,883 km,55 km/hr,13048
22492,Mandore Superfast Express,SF,NWR,,,DLI,21:20,JU,7:30,10h 10m,18,S M T W T F S,SL 3A 2A 1A 3E,618 km,61 km/hr,22491
13052,Netaji Express,Exp,ER,,,KLK,23:55,HWH,8:05,32h 10m,40,S M T W T F S,SL 3A 2A 1A,1714 km,53 km/hr,13051
15628,Silchar - Coimbatore Express (PT),Exp,NFR,,,SCL,19:10,CBE,12:05,64h 55m,43,T,SL 3A 2A 3E,3493 km,54 km/hr,15627
18401,Bangriposi - Puri Intercity Express (PT),Exp,ECoR,,,BGY,4:00,PURI,11:30,7h 30m,21,S M T W T F S,2S CC,376 km,50 km/hr,18402
56771,Madurai - Sengottai Passenger (UnReserved),Pass,SR,,,MDU,7:25,SCT,10:35,3h 10m,12,S M T W T F S,,174 km,55 km/hr,56772
56776,Sengottai -Tirunelveli Passenger (UnReserved),Pass,SR,,,SCT,14:20,TEN,16:25,2h 5m,15,S M T W T F S,,80 km,38 km/hr,56775
13051,Netaji Express (PT),Exp,ER,,,HWH,21:55,KLK,3:00,29h 5m,39,S M T W T F S,SL 3A 2A 1A,1714 km,59 km/hr,13052
56772,Sengottai - Madurai Passenger (UnReserved),Pass,SR,,,SCT,12:20,MDU,15:40,3h 20m,12,S M T W T F S,,174 km,52 km/hr,56771
56754,Tiruchendur - Tirunelveli Passenger (UnReserved),Pass,SR,,,TCN,16:25,TEN,17:50,1h 25m,10,S M T W T F S,,61 km,43 km/hr,56753
56755,Vanchi Maniyachchi - Tiruchendur Passenger (UnReserved),Pass,SR,,,MEJ,10:50,TCN,13:20,2h 30m,14,S M T W T F S,,90 km,36 km/hr,56756
56756,Tiruchendur - Vanchi Maniyachchi Passenger (UnReserved),Pass,SR,,,TCN,14:50,MEJ,17:15,2h 25m,14,S M T W T F S,,90 km,37 km/hr,56755
56752,Tiruchendur - Tirunelveli Passenger (UnReserved),Pass,SR,,,TCN,7:05,TEN,8:35,1h 30m,10,S M T W T F S,,61 km,41 km/hr,56751
56704,Mangaluru Central - Kannur Passenger (UnReserved),Pass,SR,,,MAQ,17:05,CAN,19:55,2h 50m,20,S M T W T F S,,132 km,47 km/hr,56703
22585,Banaras - Gandhinagar Capital SF Express,SF,NER,,,BNRS,15:10,GNC,15:20,24h 10m,12,W,SL 3A 2A 1A 3E,1496 km,62 km/hr,22586
56703,Kannur - Mangaluru Central Passenger (UnReserved),Pass,SR,,,CAN,7:40,MAQ,10:50,3h 10m,20,S M T W T F S,,132 km,42 km/hr,56704
56774,Sengottai - Tirunelveli Passenger (UnReserved),Pass,SR,,,SCT,6:45,TEN,8:55,2h 10m,15,S M T W T F S,,80 km,37 km/hr,56773
56751,Tirunelveli - Tiruchendur Passenger (UnReserved),Pass,SR,,,TEN,7:10,TCN,8:50,1h 40m,10,S M T W T F S,,61 km,37 km/hr,56752
56753,Tirunelveli - Tiruchendur Passenger (UnReserved),Pass,SR,,,TEN,9:55,TCN,11:35,1h 40m,10,S M T W T F S,,61 km,37 km/hr,56754
22586,Gandhinagar Capital - Banaras SF Express (PT),SF,NER,,,GNC,23:15,BNRS,23:30,24h 15m,12,T,SL 3A 2A 1A 3E,1496 km,62 km/hr,22585
56775,Tirunelveli - Sengottai Passenger (UnReserved),Pass,SR,,,TEN,18:10,SCT,20:25,2h 15m,15,S M T W T F S,,80 km,36 km/hr,56776
56758,Tiruchendur - Tirunelveli Passenger (UnReserved),Pass,SR,,,TCN,18:15,TEN,19:45,1h 30m,10,S M T W T F S,,61 km,41 km/hr,56757
56717,Dindigul - Madurai Passenger (UnReserved),Pass,SR,,,DG,7:50,MDU,9:10,1h 20m,6,S M T W T F S,,62 km,47 km/hr,56718
56718,Madurai - Dindigul Passenger (UnReserved),Pass,SR,,,MDU,18:30,DG,19:55,1h 25m,6,S M T W T F S,,62 km,44 km/hr,56717
56757,Tirunelveli - Tiruchendur Passenger (UnReserved),Pass,SR,,,TEN,18:35,TCN,20:05,1h 30m,10,S M T W T F S,,61 km,41 km/hr,56754
56937,Belagavi - Miraj Passenger (UnReserved),Pass,SWR,,,BGM,5:45,MRJ,9:15,3h 30m,15,S M T W T F S,,138 km,39 km/hr,56938
13037,Kumbh Express (PT),Exp,ER,,,HWH,13:00,DDN,18:10,29h 10m,23,S M W T S,SL 3A 2A 1A 3E,1589 km,54 km/hr,13038
13038,Kumbh Express,Exp,ER,,,DDN,21:45,HWH,3:15,29h 30m,23,S M T T F,SL 3A 2A 1A 3E,1589 km,54 km/hr,13037
15725,New Jalpaiguri - Anand Vihar Terminal Express (PT),Exp,NFR,,,NJP,8:30,ANVT,12:00,27h 30m,16,T S,SL 3A 2A 1A 3E,1488 km,54 km/hr,15726
15726,Anand Vihar Terminal - New Jalpaiguri Express,Exp,NFR,,,ANVT,15:20,NJP,18:45,27h 25m,16,S W,SL 3A 2A 1A 3E,1488 km,54 km/hr,15725
15660,Agartala - Mumbai LTT AC Express (PT),ACExp,NFR,,,AGTL,7:00,LTT,16:15,57h 15m,36,T,3A 2A 1A,3127 km,55 km/hr,15659
15659,Mumbai LTT - Agartala AC Express (PT),ACExp,NFR,,,LTT,7:50,AGTL,18:45,58h 55m,36,S,3A 2A 1A,3127 km,53 km/hr,15660
55523,Saharsa - Samastipur Passenger (via Alauli) (UnReserved),Pass,ECR,,,SHC,9:00,SPJ,21:25,12h 25m,33,S M T W T F S,,194 km,16 km/hr,55524
20694,KSR Bengaluru - Jodhpur SF Express (via Davangere) (PT),SF,SWR,,,SBC,23:50,JU,13:50,38h 0m,42,M W,SL 3A 2A 1A,2115 km,56 km/hr,20693
20686,KSR Bengaluru - Gandhidham SF Express (PT),SF,SWR,,,SBC,23:50,GIMB,10:55,35h 5m,30,S,SL 3A 2A 1A,1958 km,56 km/hr,20685
75711,New Jalpaiguri - Haldibari DEMU,DEMU,NFR,,,NJP,14:30,HDB,16:15,1h 45m,8,S M T W T F S,,57 km,32 km/hr,75712
56939,Belagavi - Miraj Passenger (UnReserved),Pass,SWR,,,BGM,13:30,MRJ,16:30,3h 0m,15,S M T W T F S,,138 km,46 km/hr,56940
75710,Haldibari - New Jalpaiguri DEMU,DEMU,NFR,,,HDB,11:35,NJP,13:35,2h 0m,8,S M T W T F S,,57 km,28 km/hr,75709
75709,New Jalpaiguri - Haldibari DEMU,DEMU,NFR,,,NJP,9:00,HDB,10:45,1h 45m,8,S M T W T F S,,57 km,32 km/hr,75710
56940,Miraj - Belagavi Passenger (UnReserved),Pass,SWR,,,MRJ,19:10,BGM,22:25,3h 15m,15,S M T W T F S,,138 km,42 km/hr,56939
75712,Haldibari - New Jalpaiguri DEMU,DEMU,NFR,,,HDB,17:15,NJP,19:00,1h 45m,8,S M T W T F S,,57 km,32 km/hr,75711
13042,Himgiri Express,Exp,ER,,,JAT,22:45,HWH,11:30,36h 45m,32,S M T,SL 3A 2A 1A,2020 km,55 km/hr,13041
37380,Goghat - Howrah Local,Klkt,ER,,,GOGT,20:07,HWH,22:32,2h 25m,24,S M T W T F S,,91 km,38 km/hr,37369
31933,Sealdah - Gede Special Local,Klkt,ER,,,SDAH,16:50,GEDE,19:38,2h 48m,35,S M T W T F S,,116 km,42 km/hr,31764
30144,Gede - Majerhat Special Local (via Ballygunge),Klkt,ER,,,GEDE,16:15,MJT,19:28,3h 13m,41,S M T W T F S,,128 km,40 km/hr,31917
31931,Sealdah - Gede Special Local,Klkt,ER,,,SDAH,9:28,GEDE,12:07,2h 39m,25,S M T W T F S,,116 km,44 km/hr,31762
31930,Gede - Sealdah (Galloping) Special Local,Klkt,ER,,,GEDE,8:26,SDAH,10:57,2h 31m,25,S M T W T F S,,116 km,46 km/hr,31761
37381,Howrah - Goghat Local,Klkt,ER,,,HWH,15:05,GOGT,17:30,2h 25m,24,S M T W T F S,,91 km,38 km/hr,37346
37301,Howrah - Haripal Local,Klkt,ER,,,HWH,7:05,HPL,8:15,1h 10m,15,S M T W T F S,,45 km,38 km/hr,37302
37302,Haripal - Howrah Local,Klkt,ER,,,HPL,8:25,HWH,9:40,1h 15m,15,S M T W T F S,,45 km,36 km/hr,37301
37422,Arambagh - Tarakeswar Local,Klkt,ER,,,AMBG,6:14,TAK,6:52,0h 38m,3,S M T W T F S,,25 km,39 km/hr,37387
37303,Howrah - Haripal Andolan Local,Klkt,ER,,,HWH,19:15,HPL,20:35,1h 20m,15,S M T W T F S,,45 km,34 km/hr,X-37304
37304,Haripal - Howrah Local,Klkt,ER,,,HPL,20:50,HWH,22:10,1h 20m,15,S M T W T F S,,45 km,34 km/hr,X-37303
95319,A35 / Mumbai CSMT - Ambernath Fast Local,Mumb,CR,,,CSMT,16:08,ABH,17:24,1h 16m,11,S M T W T F S,FC,58 km,46 km/hr,95318
56773,Tirunelveli - Sengottai Passenger (UnReserved),Pass,SR,,,TEN,9:50,SCT,11:55,2h 5m,15,S M T W T F S,,80 km,38 km/hr,56774
37414,Tarakeswar - Seoraphuli Local,Klkt,ER,,,TAK,4:05,SHE,4:55,0h 50m,10,S M T W T F S,,35 km,42 km/hr,37411
37401,Tarakeswar - Goghat Local,Klkt,ER,,,TAK,3:40,GOGT,4:32,0h 52m,4,S M T W T F S,,34 km,39 km/hr,37402
37402,Goghat - Tarakeswar Local,Klkt,ER,,,GOGT,4:42,TAK,5:28,0h 46m,4,S M T W T F S,,34 km,45 km/hr,37401
17049,SSS Hubballi - Hyderabad Express,Exp,SCR,,,UBL,21:00,HYB,10:00,13h 0m,21,S M T W T F S,SL 3A 2A 1A,664 km,51 km/hr,17050
17050,Hyderabad - SSS Hubballi Express (PT),Exp,SCR,,,HYB,15:50,UBL,5:55,14h 5m,21,S M T W T F S,SL 3A 2A 1A,664 km,47 km/hr,17049
12508,Amritsar - New Jalpaiguri Karmabhoomi Express (UnReserved),SF,NFR,,,ASR,9:30,NJP,18:35,33h 5m,18,F,,1826 km,55 km/hr,12507
37408,Goghat - Tarakeswar Local,Klkt,ER,,,GOGT,15:40,TAK,16:28,0h 48m,4,S M T W T F S,,34 km,43 km/hr,
37406,Goghat - Tarakeswar Local,Klkt,ER,,,GOGT,10:25,TAK,11:10,0h 45m,4,S M T W T F S,FC,34 km,46 km/hr,37373
12507,New Jalpaiguri - Amritsar Karmabhoomi Express (UnReserved),SF,NFR,,,NJP,8:30,ASR,17:35,33h 5m,18,W,,1826 km,55 km/hr,12508
56938,Miraj - Belagavi Passenger (UnReserved),Pass,SWR,,,MRJ,9:55,BGM,13:00,3h 5m,15,S M T W T F S,,138 km,45 km/hr,56937
20689,Yesvantpur - Shivamogga Town Intercity SF Express,SF,SWR,,,YPR,9:15,SMET,14:05,4h 50m,8,S M T W T F S,2S CC EV,268 km,56 km/hr,20690
20690,Shivamogga Town - Yesvantpur Intercity SF Express,SF,SWR,,,SMET,15:50,YPR,20:35,4h 45m,8,S M T W T F S,2S CC EV,268 km,57 km/hr,20689
31342,Kalyani - Sealdah Local,Klkt,ER,,,KYI,12:45,SDAH,14:10,1h 25m,16,M T W T F S,,48 km,34 km/hr,30113
37405,Tarakeswar - Goghat Local,Klkt,ER,,,TAK,15:42,GOGT,16:34,0h 52m,4,S M T W T F S,,34 km,39 km/hr,37410
63394,Gaya - Patna Fast MEMU,MEMU,ECR,,,GAYA,5:20,PNBE,8:15,2h 55m,20,S M T W T F S,,92 km,32 km/hr,63393
63393,Patna - Gaya Fast MEMU,MEMU,ECR,,,PNBE,18:10,GAYA,20:45,2h 35m,4,S M T W T F S,,92 km,36 km/hr,63394
20676,Vishwamanava SF Express,SF,SWR,,,MYS,7:00,BGM,20:35,13h 35m,31,S M T W T F S,2S CC,749 km,55 km/hr,20675
20675,Vishwamanava SF Express,SF,SWR,,,BGM,7:00,MYS,20:35,13h 35m,31,S M T W T F S,2S CC,749 km,55 km/hr,20676
37423,Tarakeswar - Arambagh Local,Klkt,ER,,,TAK,22:20,AMBG,22:57,0h 37m,3,S M T W T F S,,25 km,40 km/hr,37424
37410,Goghat - Tarakeswar Local,Klkt,ER,,,GOGT,17:05,TAK,17:47,0h 42m,4,S M T W T F S,,34 km,49 km/hr,37405
37424,Arambagh - Tarakeswar Local,Klkt,ER,,,AMBG,23:15,TAK,23:52,0h 37m,3,S M T W T F S,,25 km,40 km/hr,37423
37403,Tarakeswar - Goghat Local,Klkt,ER,,,TAK,8:27,GOGT,9:20,0h 53m,4,S M T W T F S,,34 km,39 km/hr,37382
37412,Goghat - Tarakeswar Local,Klkt,ER,,,GOGT,18:02,TAK,18:46,0h 44m,4,S M T W T F S,,34 km,47 km/hr,37369
37325,Howrah - Tarakeswar Local,Klkt,ER,,,HWH,10:20,TAK,11:45,1h 25m,19,S M T W T F S,,57 km,40 km/hr,37358
13048,Vibhuti Express (PT),Exp,ER,,,PRRB,15:40,HWH,7:35,15h 55m,31,S M T W T F S,SL 3A 2A,882 km,55 km/hr,13047
56827,Thiruvarur - Karaikkudi Passenger (UnReserved),Pass,SR,,,TVR,6:15,KKDI,9:30,3h 15m,18,S M T W T F S,,149 km,46 km/hr,56828
56828,Karaikkudi - Thiruvarur Passenger (UnReserved),Pass,SR,,,KKDI,18:15,TVR,21:20,3h 5m,18,S M T W T F S,,149 km,48 km/hr,56827
31543,Sealdah - Shantipur Local,Klkt,ER,,,SDAH,16:35,STB,19:00,2h 25m,27,S M T W T F S,,93 km,39 km/hr,31544
15637,Agartala - Khongsang Express (PT),Exp,NFR,,,AGTL,6:00,KGBP,13:40,7h 40m,10,M W F,2S CC EV,348 km,45 km/hr,15638
15638,Khongsang - Agartala Express (PT),Exp,NFR,,,KGBP,14:45,AGTL,22:30,7h 45m,10,M W F,2S CC EV,348 km,45 km/hr,15637
76831,Thiruvarur - Pattukottai DEMU Passenger,DEMU,SR,,,TVR,8:30,PKT,10:10,1h 40m,10,M T W T F,,76 km,45 km/hr,76832
76832,Pattukottai - Thiruvarur DEMU Passenger,DEMU,SR,,,PKT,17:30,TVR,19:10,1h 40m,10,M T W T F,,76 km,45 km/hr,76831
56760,Tuticorin - Vanchi Maniyachchi Passenger (UnReserved),Pass,SR,,,TN,8:30,MEJ,9:15,0h 45m,4,S M T W T F S,,31 km,42 km/hr,56761
56761,Vanchi Maniyachchi - Tuticorin Passenger (UnReserved),Pass,SR,,,MEJ,21:05,TN,22:00,0h 55m,4,S M T W T F S,,31 km,34 km/hr,56760
56762,Tuticorin - Vanchi Maniyachchi Passenger (UnReserved),Pass,SR,,,TN,22:35,MEJ,23:15,0h 40m,2,S M T W T F S,,31 km,47 km/hr,56759
56759,Vanchi Maniyachchi - Tuticorin Passenger (UnReserved),Pass,SR,,,MEJ,3:00,TN,3:45,0h 45m,2,S M T W T F S,,31 km,42 km/hr,56762
63043,Katwa - Ahmadpur MEMU,MEMU,ER,,,KWAE,7:05,AMP,8:25,1h 20m,12,S M T W T F S,,52 km,39 km/hr,63044
63044,Ahmadpur - Katwa MEMU,MEMU,ER,,,AMP,8:35,KWAE,10:00,1h 25m,12,S M T W T F S,,52 km,36 km/hr,63043
55521,Triveniganj - Saharsa Passenger (UnReserved),Pass,ECR,,,TIGJ,5:30,SHC,8:50,3h 20m,9,S M T W T F S,,58 km,17 km/hr,55522
55522,Saharsa - Triveniganj Passenger (UnReserved),Pass,ECR,,,SHC,14:40,TIGJ,17:30,2h 50m,9,S M T W T F S,,58 km,20 km/hr,55521
13041,Himgiri Express (PT),Exp,ER,,,HWH,23:55,JAT,13:00,37h 5m,32,T F S,SL 3A 2A 1A,2021 km,55 km/hr,13042
55524,Samastipur - Saharsa Passenger (via Alauli) (UnReserved),Pass,ECR,,,SPJ,4:00,SHC,14:10,10h 10m,33,S M T W T F S,,194 km,19 km/hr,55523
15608,Aronai Express (PT),Exp,NFR,,,SCL,19:10,TVC,20:45,73h 35m,54,T,SL 3A 2A 3E,3916 km,53 km/hr,15607
18402,Puri - Bangriposi Intercity Express,Exp,ECoR,,,PURI,16:00,BGY,23:15,7h 15m,21,S M T W T F S,2S CC,376 km,52 km/hr,18401
20693,Jodhpur - KSR Bengaluru SF Express (via Davangere) (PT),SF,SWR,,,JU,6:15,SBC,20:30,38h 15m,43,T S,SL 3A 2A 1A,2115 km,55 km/hr,20694
63395,Patna - Gaya MEMU,MEMU,ECR,,,PNBE,9:45,GAYA,13:35,3h 50m,29,S M T W T F S,,92 km,24 km/hr,63396
63396,Gaya - Patna MEMU,MEMU,ECR,,,GAYA,14:45,PNBE,17:55,3h 10m,29,S M T W T F S,,92 km,29 km/hr,63395
20685,Gandhidham - KSR Bengaluru SF Express (PT),SF,SWR,,,GIMB,9:25,SBC,20:40,35h 15m,31,T,SL 3A 2A 1A,1958 km,56 km/hr,20686
