source,destination,mode,duration_min,cost_inr,train_number,train_name,available,date,dep_time,arr_time
JSME,SMVB,train,2220,2540,22306,Jasidih - SMVT Bengaluru Weekly SF Express,true,,07:10,20:10
SMVB,JSME,train,2315,2540,22305,SMVT Bengaluru - Jasidih Weekly SF Express,true,,10:15,00:50
TBM,JSME,train,2020,2060,12375,Tambaram - Jasidih Weekly SF Express,true,,13:00,22:40
JSME,TBM,train,1995,2060,12376,Jasidih - Tambaram Weekly SF Express,true,,13:10,22:25
PUNE,JSME,train,1950,2180,11427,Pune - Jasidih Weekly Express,true,,06:40,15:10
JSME,PUNE,train,2160,2180,11428,Jasidih - Pune Weekly Express,true,,21:45,09:45
JSME,VSG,train,2995,2810,17322,Jasidih - Vasco-da-Gama Weekly Express,true,,13:10,15:05
VSG,JSME,train,3040,2810,17321,Vasco-da-Gama - Jasidih Weekly Express,true,,04:30,07:10
DHN,ALLP,train,3100,2780,13351,Dhanbad - Alappuzha Express,true,,11:35,15:15
ALLP,DHN,train,3170,2780,13352,Alappuzha - Dhanbad Express,true,,06:00,10:50
DHN,PTJ,train,2720,2420,16620,Dhanbad - Podanur Amrit Bharat Express,true,,14:00,11:20
PTJ,DHN,train,2745,2420,16619,Podanur - Dhanbad Amrit Bharat Express,true,,06:15,04:00
DHN,LTT,train,2320,2030,13379,Dhanbad - Mumbai LTT Weekly Express,true,,23:00,13:40
LTT,DHN,train,2345,2030,13380,Mumbai LTT - Dhanbad Weekly Express,true,,16:55,08:00
BPL,DHN,train,1405,1310,11631,Bhopal - Dhanbad Express,true,,20:55,20:20
DHN,BPL,train,1420,1310,11632,Dhanbad - Bhopal Express,true,,07:20,07:00
FZR,DHN,train,2175,1760,13308,Ganga Sutlej Express,true,,16:40,04:55
DHN,FZR,train,2170,1760,13307,Ganga Sutlej Express,true,,21:50,10:00
KOP,DHN,train,3130,2750,11045,Deekshabhoomi SF Express,true,,04:35,08:45
DHN,KOP,train,3000,2750,11046,Deekshabhoomi SF Express,true,,10:20,12:20
PNBE,DHN,train,515,410,13332,Patna - Dhanbad InterCity Express,true,,08:30,17:05
DHN,PNBE,train,565,410,13331,Dhanbad - Patna InterCity Express,true,,08:05,17:30
LTT,RNC,train,2295,2210,18610,Mumbai LTT - Ranchi Express,true,,16:35,06:50
RNC,LTT,train,2080,2200,18609,Ranchi - Mumbai LTT Express,true,,20:45,07:25
NDLS,RNC,train,1160,1480,12878,New Delhi - Ranchi Garib Rath Express,true,,16:10,11:30
RNC,NDLS,train,1125,1480,12877,Ranchi - New Delhi Garib Rath Express,true,,16:25,11:10
NDLS,RNC,train,1015,1440,20840,New Delhi - Ranchi Rajdhani Express (via Bokaro Steel City),true,,16:10,09:05
RNC,NDLS,train,1030,1440,20839,Ranchi - New Delhi Rajdhani Express (via Bokaro Steel City),true,,18:00,11:10
RNC,HWH,train,630,530,18628,Ranchi - Howrah Intercity Express (via Adra),true,,05:20,15:50
HWH,RNC,train,605,530,18627,Howrah - Ranchi Intercity Express (via Adra),true,,12:50,22:55
ANVT,RNC,train,1275,1420,12826,Jharkhand Sampark Kranti Express,true,,08:00,05:15
RNC,ANVT,train,1180,1420,12825,Jharkhand Sampark Kranti Express,true,,23:55,19:35
YPR,TATA,train,2830,2680,18112,Yesvantpur - Tatanagar Weekly Express,true,,12:30,11:40
TATA,YPR,train,2635,2680,18111,Tatanagar - Yesvantpur Weekly Express,true,,17:45,13:40
TATA,SMVB,train,2010,2070,12889,Tatanagar - SMVT Bengaluru SF Express,true,,17:45,03:15
SMVB,TATA,train,2000,2070,12890,SMVT Bengaluru - Tatanagar SF Express,true,,08:50,18:10
TATA,ASR,train,2040,1920,18103,Tatanagar - Amritsar Jallianwala Bagh Express,true,,20:30,06:30
ASR,TATA,train,1995,1920,18104,Amritsar - Tatanagar Jallianwala Bagh Express,true,,12:45,22:00
TATA,JAT,train,2765,2280,18101,Tatanagar - Jammu Tawi Express,true,,16:55,15:00
JAT,TATA,train,2640,2280,18102,Jammu Tawi - Tatanagar Express,true,,14:20,10:20
TATA,ERS,train,2695,2530,18189,Tatanagar - Ernakulam Jn. Express,true,,05:00,01:55
ERS,TATA,train,2745,2530,18190,Ernakulam Jn. - Tatanagar Express,true,,07:15,05:00
TATA,NITR,train,1340,960,18109,Tatanagar - NSC Bose Itwari Express,true,,06:40,05:00
NITR,TATA,train,1215,960,18110,NSC Bose Itwari - Tatanagar Express,true,,00:05,20:20
TATA,THE,train,1235,790,18181,Tatanagar - Thawe Express,true,,20:45,17:20
THE,TATA,train,1250,790,18182,Thawe - Tatanagar Express,true,,10:10,07:00
TATA,JYG,train,1015,710,18119,Tatanagar - Jaynagar Express,true,,18:40,11:35
JYG,TATA,train,970,710,18120,Jaynagar - Tatanagar Express,true,,19:30,11:40
NJP,ASR,train,2540,2020,14663,New Jalpaiguri - Amritsar Amrit Bharat Express,true,,08:00,02:20
ASR,NJP,train,2370,2020,14664,Amritsar - New Jalpaiguri Amrit Bharat Express,true,,12:45,04:15
HWH,NDLS,train,1025,1600,12302,New Delhi - Howrah Rajdhani Express (via Gaya),true,,16:50,09:55
NDLS,HWH,train,1035,1600,12301,Howrah - New Delhi Rajdhani Express (via Gaya),true,,16:50,10:05
HWH,MAS,train,1550,1830,12841,Coromandel Express,true,,15:10,17:00
MAS,HWH,train,1680,1830,12842,Coromandel Express,true,,07:00,11:00
NDLS,MAS,train,2010,2400,12622,Tamil Nadu Express,true,,21:05,06:35
MAS,NDLS,train,1950,2400,12621,Tamil Nadu Express,true,,22:00,06:30
MAS,SBC,train,295,390,12027,MGR Chennai Central - KSR Bengaluru Shatabdi Express,true,,17:30,22:25
SBC,MAS,train,300,390,12028,KSR Bengaluru - MGR Chennai Central Shatabdi Express,true,,06:00,11:00
NDLS,ASR,train,370,490,12029,New Delhi - Amritsar Swarna Jayanti Shatabdi Express,true,,07:20,13:30
ASR,NDLS,train,360,490,12030,Amritsar - New Delhi Swarna Jayanti Shatabdi Express,true,,16:50,22:50
NDLS,JAT,train,500,630,12425,New Delhi - Jammu Tawi Rajdhani Express,true,,20:40,05:00
JAT,NDLS,train,510,630,12426,Jammu Tawi - New Delhi Rajdhani Express,true,,21:25,05:55
HWH,GHY,train,1055,1100,12345,Saraighat Express,true,,16:05,09:40
GHY,HWH,train,1000,1100,12346,Saraighat Express,true,,12:40,05:20
CSMT,KOP,train,705,570,11029,Koyna Express,true,,08:40,20:25
KOP,CSMT,train,700,570,11030,Koyna Express,true,,08:25,20:05
AII,CDG,train,515,1630,20977,Ajmer - Chandigarh Vande Bharat Express,true,,06:10,14:45
CDG,AII,train,523,1630,20978,Chandigarh - Ajmer Vande Bharat Express,true,,15:15,23:58
NDLS,BSB,train,480,1820,22436,New Delhi - Varanasi Vande Bharat Express,true,,06:00,14:00
BSB,NDLS,train,480,1820,22435,Varanasi - New Delhi Vande Bharat Express,true,,15:00,23:00
NDLS,SVDK,train,500,1570,22439,New Delhi - Shri Mata Vaishno Devi Katra Vande Bharat Express,true,,06:00,14:20
SVDK,NDLS,train,495,1570,22440,Shri Mata Vaishno Devi Katra - New Delhi Vande Bharat Express,true,,14:55,23:10
MMCT,GNC,train,390,1250,20901,Mumbai Central - Gandhinagar Capital Vande Bharat Express,true,,06:00,12:30
GNC,MMCT,train,395,1250,20902,Gandhinagar Capital - Mumbai Central Vande Bharat Express,true,,14:00,20:35
NDLS,AADR,train,315,990,22447,New Delhi - Amb Andaura Vande Bharat Express,true,,05:50,11:05
AADR,NDLS,train,325,990,22448,Amb Andaura - New Delhi Vande Bharat Express,true,,13:00,18:25
MAS,MYS,train,390,1190,20607,MGR Chennai Central - Mysuru Vande Bharat Express,true,,05:50,12:20
MYS,MAS,train,375,1190,20608,Mysuru - MGR Chennai Central Vande Bharat Express,true,,13:05,19:20
NGP,BSP,train,320,990,20826,Nagpur - Bilaspur Vande Bharat Express,true,,14:05,19:25
BSP,NGP,train,330,990,20825,Bilaspur - Nagpur Vande Bharat Express,true,,06:45,12:15
HWH,NJP,train,455,1360,22301,Howrah - New Jalpaiguri Vande Bharat Express,true,,05:55,13:30
NJP,HWH,train,455,1360,22302,New Jalpaiguri - Howrah Vande Bharat Express,true,,14:55,22:30
VSKP,SC,train,515,1680,20833,Visakhapatnam - Secunderabad Vande Bharat Express,true,,05:45,14:20
SC,VSKP,train,515,1680,20834,Secunderabad - Visakhapatnam Vande Bharat Express,true,,15:00,23:35
CSMT,SUR,train,395,1090,22225,Mumbai CSMT - Solapur Vande Bharat Express,true,,16:05,22:40
SUR,CSMT,train,390,1090,22226,Solapur - Mumbai CSMT Vande Bharat Express,true,,06:05,12:35
SNSI,CSMT,train,305,820,22224,Sainagar Shirdi - Mumbai CSMT Vande Bharat Express,true,,17:45,22:50
CSMT,SNSI,train,310,820,22223,Mumbai CSMT - Sainagar Shirdi Vande Bharat Express,true,,06:20,11:30
RKMP,NZM,train,456,1680,20171,Rani Kamalapati - Hazrat Nizamuddin Vande Bharat Express,true,,05:40,13:16
NZM,RKMP,train,456,1680,20172,Hazrat Nizamuddin - Rani Kamalapati Vande Bharat Express,true,,14:40,22:16
TPTY,SC,train,507,1590,20702,Tirupati - Secunderabad Vande Bharat Express,true,,15:15,23:42
SC,TPTY,train,505,1590,20701,Secunderabad - Tirupati Vande Bharat Express,true,,06:10,14:35
MAS,CBE,train,360,1190,20643,MGR Chennai Central - Coimbatore Vande Bharat Express,true,,14:15,20:15
CBE,MAS,train,350,1190,20644,Coimbatore - MGR Chennai Central Vande Bharat Express,true,,06:00,11:50
NJP,GHY,train,330,980,22227,New Jalpaiguri - Guwahati Vande Bharat Express,true,,06:10,11:40
GHY,NJP,train,330,980,22228,Guwahati - New Jalpaiguri Vande Bharat Express,true,,16:30,22:00
KGQ,TVC,train,490,1410,20633,Kasaragod - Thiruvananthapuram Central Vande Bharat Express,true,,14:30,22:40
TVC,KGQ,train,485,1410,20634,Thiruvananthapuram Central - Kasaragod Vande Bharat Express,true,,05:15,13:20
HWH,PURI,train,410,1200,22895,Howrah - Puri Vande Bharat Express,true,,06:10,13:00
PURI,HWH,train,410,1200,22896,Puri - Howrah Vande Bharat Express,true,,13:40,20:30
DDN,ANVT,train,285,730,22458,Dehradun - Anand Vihar Terminal Vande Bharat Express,true,,07:00,11:45
ANVT,DDN,train,285,730,22457,Anand Vihar Terminal - Dehradun Vande Bharat Express,true,,17:50,22:35
CSMT,MAO,train,635,1390,22229,Mumbai CSMT - Madgaon Vande Bharat Express,true,,05:25,16:00
MAO,CSMT,train,610,1390,22230,Madgaon - Mumbai CSMT Vande Bharat Express,true,,12:20,22:30
PNBE,RNC,train,365,910,22349,Patna - Ranchi Vande Bharat Express,true,,07:00,13:05
RNC,PNBE,train,355,910,22350,Ranchi - Patna Vande Bharat Express,true,,16:15,22:10
INDB,NGP,train,505,1530,20911,Indore - Nagpur Vande Bharat Express,true,,06:10,14:35
NGP,INDB,train,510,1530,20912,Nagpur - Indore Vande Bharat Express,true,,15:20,23:50
SBC,DWR,train,375,1180,20661,KSR Bengaluru - Dharwad Vande Bharat Express,true,,05:45,12:00
DWR,SBC,train,375,1180,20662,Dharwad - KSR Bengaluru Vande Bharat Express,true,,13:30,19:45
REWA,RKMP,train,490,1360,20174,Rewa - Rani Kamalapati Vande Bharat Express,true,,05:20,13:30
RKMP,REWA,train,485,1360,20173,Rani Kamalapati - Rewa Vande Bharat Express,true,,15:30,23:35
JU,SBIB,train,360,1080,12461,Jodhpur - Sabarmati Vande Bharat Express,true,,06:05,12:05
SBIB,JU,train,355,1080,12462,Sabarmati - Jodhpur Vande Bharat Express,true,,16:55,22:50
PRYJ,GKP,train,445,1190,22550,Prayagraj - Gorakhpur Vande Bharat Express,true,,15:15,22:40
GKP,PRYJ,train,450,1190,22549,Gorakhpur - Prayagraj Vande Bharat Express,true,,06:05,13:35
PNBE,HWH,train,395,1280,22348,Patna - Howrah Vande Bharat Express,true,,08:00,14:35
HWH,PNBE,train,410,1280,22347,Howrah - Patna Vande Bharat Express,true,,15:50,22:40
PURI,ROU,train,465,1210,20836,Puri - Rourkela Vande Bharat Express,true,,05:00,12:45
ROU,PURI,train,460,1210,20835,Rourkela - Puri Vande Bharat Express,true,,14:00,21:40
TEN,MS,train,480,1560,20666,Tirunelveli - Chennai Egmore Vande Bharat Express,true,,06:00,14:00
MS,TEN,train,470,1560,20665,Chennai Egmore - Tirunelveli Vande Bharat Express,true,,15:10,23:00
KCG,YPR,train,495,1470,20703,Kacheguda - Yesvantpur Vande Bharat Express,true,,05:45,14:00
YPR,KCG,train,495,1470,20704,Yesvantpur - Kacheguda Vande Bharat Express,true,,14:45,23:00
MAQ,TVC,train,520,1490,20631,Mangaluru Central - Thiruvananthapuram Central Vande Bharat Express,true,,06:25,15:05
TVC,MAQ,train,520,1490,20632,Thiruvananthapuram Central - Mangaluru Central Vande Bharat Express,true,,16:05,00:45
MAS,NS,train,520,1560,20677,MGR Chennai Central - Narasapur Vande Bharat Express,true,,05:30,14:10
NS,MAS,train,535,1560,20678,Narasapur - MGR Chennai Central Vande Bharat Express,true,,14:50,23:45
HWH,RNC,train,445,1100,20897,Howrah - Ranchi Vande Bharat Express,true,,14:35,22:00
RNC,HWH,train,430,1100,20898,Ranchi - Howrah Vande Bharat Express,true,,06:00,13:10
OKHA,ADI,train,390,1200,22926,Okha - Ahmedabad Vande Bharat Express,true,,03:40,10:10
ADI,OKHA,train,390,1200,22925,Ahmedabad - Okha Vande Bharat Express,true,,18:10,00:40
ASR,DLI,train,330,1070,22488,Amritsar - Delhi Vande Bharat Express,true,,08:20,13:50
DLI,ASR,train,330,1070,22487,Delhi - Amritsar Vande Bharat Express,true,,15:15,20:45
MAQ,MAO,train,340,770,20646,Mangaluru Central - Madgaon Vande Bharat Express,true,,08:30,14:10
MAO,MAQ,train,310,770,20645,Madgaon - Mangaluru Central Vande Bharat Express,true,,17:35,22:45
NED,CSMT,train,535,1460,20705,Hazur Sahib Nanded - Mumbai CSMT Vande Bharat Express,true,,05:20,14:15
CSMT,NED,train,550,1460,20706,Mumbai CSMT - Hazur Sahib Nanded Vande Bharat Express,true,,13:15,22:25
CBE,BNC,train,380,900,20642,Coimbatore - Bengaluru Cantt. Vande Bharat Express,true,,07:25,13:45
BNC,CBE,train,380,900,20641,Bengaluru Cantt. - Coimbatore Vande Bharat Express,true,,14:20,20:40
AYC,ANVT,train,495,1510,22425,Ayodhya Cantt. - Anand Vihar Terminal Vande Bharat Express,true,,15:25,23:40
ANVT,AYC,train,500,1510,22426,Anand Vihar Terminal - Ayodhya Cantt. Vande Bharat Express,true,,06:10,14:30
BSB,RNC,train,470,1290,20888,Varanasi - Ranchi Vande Bharat Express,true,,16:05,23:55
RNC,BSB,train,470,1290,20887,Ranchi - Varanasi Vande Bharat Express,true,,05:10,13:00
BBS,VSKP,train,345,1070,20841,Bhubaneswar - Visakhapatnam Vande Bharat Express,true,,05:15,11:00
VSKP,BBS,train,360,1070,20842,Visakhapatnam - Bhubaneswar Vande Bharat Express,true,,15:30,21:30
KURJ,NZM,train,500,1580,22469,Khajuraho - Hazrat Nizamuddin Vande Bharat Express,true,,14:50,23:10
NZM,KURJ,train,500,1580,22470,Hazrat Nizamuddin - Khajuraho Vande Bharat Express,true,,06:00,14:20
KLBG,SMVB,train,480,1340,22231,Kalaburagi - SMVT Bengaluru Vande Bharat Express,true,,06:10,14:10
SMVB,KLBG,train,480,1340,22232,SMVT Bengaluru - Kalaburagi Vande Bharat Express,true,,14:40,22:40
MYS,MAS,train,390,1190,20663,Mysuru - MGR Chennai Central Vande Bharat Express,true,,06:00,12:30
MAS,MYS,train,390,1190,20664,MGR Chennai Central - Mysuru Vande Bharat Express,true,,17:00,23:30
ADI,MMCT,train,340,1180,22962,Ahmedabad - Mumbai Central Vande Bharat Express,true,,06:05,11:45
MMCT,ADI,train,330,1180,22961,Mumbai Central - Ahmedabad Vande Bharat Express,true,,15:45,21:15
NJP,PNBE,train,420,1140,22233,New Jalpaiguri - Patna Vande Bharat Express,true,,05:10,12:10
PNBE,NJP,train,425,1140,22234,Patna - New Jalpaiguri Vande Bharat Express,true,,13:00,20:05
PNBE,GTNR,train,510,1310,22345,Patna - Gomti Nagar Vande Bharat Express,true,,06:05,14:35
GTNR,PNBE,train,505,1310,22346,Gomti Nagar - Patna Vande Bharat Express,true,,15:20,23:45
DDN,LJN,train,495,1310,22546,Dehradun - Lucknow Jn. Vande Bharat Express,true,,14:25,22:40
LJN,DDN,train,505,1310,22545,Lucknow Jn. - Dehradun Vande Bharat Express,true,,05:15,13:40
MDU,BNC,train,465,1380,20671,Madurai - Bengaluru Cantt. Vande Bharat Express,true,,05:15,13:00
BNC,MDU,train,490,1380,20672,Bengaluru Cantt. - Madurai Vande Bharat Express,true,,13:30,21:40
MS,NCJ,train,530,1740,20627,Chennai Egmore - Nagercoil Vande Bharat Express,true,,05:00,13:50
NCJ,MS,train,525,1740,20628,Nagercoil - Chennai Egmore Vande Bharat Express,true,,14:20,23:05
BSB,MTC,train,715,1880,22489,Varanasi - Meerut City Vande Bharat Express,true,,09:10,21:05
MTC,BSB,train,710,1880,22490,Meerut City - Varanasi Vande Bharat Express,true,,06:35,18:25
UBL,PUNE,train,510,1340,20669,SSS Hubballi - Pune Vande Bharat Express,true,,05:00,13:30
PUNE,UBL,train,510,1340,20670,Pune - SSS Hubballi Vande Bharat Express,true,,14:15,22:45
AGC,BNRS,train,420,1380,20176,Agra Cantt. - Banaras Vande Bharat Express,true,,06:00,13:00
BNRS,AGC,train,420,1390,20175,Banaras - Agra Cantt. Vande Bharat Express,true,,15:20,22:20
BSB,DGHR,train,440,1090,22500,Varanasi - Deoghar Vande Bharat Express,true,,06:20,13:40
DGHR,BSB,train,440,1090,22499,Deoghar - Varanasi Vande Bharat Express,true,,15:10,22:30
VSKP,DURG,train,480,1360,20830,Visakhapatnam - Durg Vande Bharat Express,true,,14:50,22:50
DURG,VSKP,train,490,1360,20829,Durg - Visakhapatnam Vande Bharat Express,true,,05:45,13:55
GAYA,HWH,train,355,1100,22304,Gaya - Howrah Vande Bharat Express,true,,15:15,21:10
HWH,GAYA,train,345,1100,22303,Howrah - Gaya Vande Bharat Express,true,,06:45,12:30
HWH,JMP,train,390,1060,22309,Howrah - Jamalpur Vande Bharat Express,true,,07:45,14:15
JMP,HWH,train,395,1060,22310,Jamalpur - Howrah Vande Bharat Express,true,,15:30,22:05
BAM,TATA,train,575,1410,20892,Brahmapur - Tatanagar Vande Bharat Express,true,,05:15,14:50
TATA,BAM,train,575,1410,20891,Tatanagar - Brahmapur Vande Bharat Express,true,,14:20,23:55
ROU,HWH,train,380,990,20872,Rourkela - Howrah Vande Bharat Express,true,,13:30,19:50
HWH,ROU,train,365,990,20871,Howrah - Rourkela Vande Bharat Express,true,,06:00,12:05
KOP,PUNE,train,315,780,20673,SCSMT Kolhapur - Pune Vande Bharat Express,true,,08:15,13:30
PUNE,KOP,train,325,780,20674,Pune - SCSMT Kolhapur Vande Bharat Express,true,,14:15,19:40
TATA,PNBE,train,440,1080,20893,Tatanagar - Patna Vande Bharat Express (via Gomoh),true,,05:25,12:45
PNBE,TATA,train,455,1080,20894,Patna - Tatanagar Vande Bharat Express (via Gomoh),true,,14:05,21:40
NGP,SC,train,435,1380,20101,Nagpur - Secunderabad Vande Bharat Express,true,,05:00,12:15
SC,NGP,train,440,1380,20102,Secunderabad - Nagpur Vande Bharat Express,true,,13:00,20:20
SBIB,VRL,train,420,1060,26901,Sabarmati BG - Veraval Vande Bharat Express,true,,05:25,12:25
VRL,SBIB,train,410,1060,26902,Veraval - Sabarmati BG Vande Bharat Express,true,,14:45,21:35
JAT,SINA,train,290,640,26401,Jammu Tawi - Srinagar Vande Bharat Express,true,,06:20,11:10
SINA,JAT,train,290,640,26402,Srinagar - Jammu Tawi Vande Bharat Express,true,,14:00,18:50
GKP,PPTA,train,425,920,26502,Gorakhpur - Patliputra Vande Bharat Express,true,,05:40,12:45
PPTA,GKP,train,420,920,26501,Patliputra - Gorakhpur Vande Bharat Express,true,,15:30,22:30
AJNI,PUNE,train,720,2120,26102,Ajni (Nagpur) - Pune Vande Bharat Express,true,,09:50,21:50
PUNE,AJNI,train,720,2120,26101,Pune - Ajni (Nagpur) Vande Bharat Express,true,,06:25,18:25
BGM,SBC,train,495,1470,26751,Belagavi - KSR Bengaluru Vande Bharat Express,true,,05:35,13:50
SBC,BGM,train,490,1470,26752,KSR Bengaluru - Belagavi Vande Bharat Express,true,,14:20,22:30
SVDK,ASR,train,300,680,26406,SMVD Katra - Amritsar Vande Bharat Express,true,,06:40,11:40
ASR,SVDK,train,305,680,26405,Amritsar - SMVD Katra Vande Bharat Express,true,,16:40,21:45
DNR,JBN,train,490,1080,26302,Danapur - Jogbani Vande Bharat Express,true,,17:10,01:20
JBN,DNR,train,490,1080,26301,Jogbani - Danapur Vande Bharat Express,true,,03:30,11:40
JU,DEC,train,480,1450,26481,Jodhpur - Delhi Cantt. Vande Bharat Express,true,,05:30,13:30
DEC,JU,train,490,1450,26482,Delhi Cantt. - Jodhpur Vande Bharat Express,true,,15:10,23:20
BKN,DEC,train,375,1070,26471,Bikaner - Delhi Cantt Vande Bharat Express,true,,05:40,11:55
DEC,BKN,train,365,1070,26472,Delhi Cantt - Bikaner Vande Bharat Express,true,,16:45,22:50
FZR,DLI,train,400,1170,26462,Firozpur Cantt. - Delhi Vande Bharat Express,true,,07:55,14:35
DLI,FZR,train,395,1170,26461,Delhi - Firozpur Cantt. Vande Bharat Express,true,,16:00,22:35
SBC,ERS,train,520,1500,26651,KSR Bengaluru - Ernakulam Jn. Vande Bharat Express,true,,05:10,13:50
ERS,SBC,train,520,1500,26652,Ernakulam Jn. - KSR Bengaluru Vande Bharat Express,true,,14:20,23:00
BNRS,KURJ,train,475,1130,26506,Banaras - Khajuraho Vande Bharat Express,true,,05:15,13:10
KURJ,BNRS,train,470,1130,26505,Khajuraho - Banaras Vande Bharat Express,true,,15:20,23:10
GTNR,SRE,train,520,1280,26504,Gomti Nagar - Saharanpur Vande Bharat Express,true,,15:10,23:50
SRE,GTNR,train,540,1280,26503,Saharanpur - Gomti Nagar Vande Bharat Express,true,,05:05,14:05
UDZ,ASV,train,255,710,26963,Udaipur City - Asarva (Ahmedabad) Vande Bharat Express,true,,06:10,10:25
ASV,UDZ,train,255,710,26964,Asarva (Ahmedabad) - Udaipur City Vande Bharat Express,true,,17:45,22:00
TATA,PNBE,train,630,1540,21893,Tatanagar - Patna Vande Bharat Express (via Barkakana),true,,05:25,15:55
PNBE,TATA,train,635,1540,21894,Patna - Tatanagar Vande Bharat Express (via Barkakana),true,,13:20,23:55
VSKP,NDLS,train,1900,2310,20805,Andhra Pradesh Express,true,,22:00,05:40
NDLS,VSKP,train,1940,2310,20806,Andhra Pradesh Express,true,,20:00,04:20
NGP,CSMT,train,720,920,12290,Nagpur - Mumbai CSMT Duronto Express,true,,19:50,07:50
CSMT,NGP,train,710,920,12289,Mumbai CSMT - Nagpur Duronto Express,true,,20:35,08:25
BBS,HWH,train,400,480,12074,Bhubaneswar - Howrah Jan Shatabdi Express,true,,06:00,12:40
HWH,BBS,train,395,480,12073,Howrah - Bhubaneswar Jan Shatabdi Express,true,,13:25,20:00
CSMT,NZM,train,1075,1690,22221,Mumbai CSMT - Hazrat Nizamuddin Rajdhani Express,true,,16:00,09:55
NZM,CSMT,train,1100,1690,22222,Hazrat Nizamuddin - Mumbai CSMT Rajdhani Express,true,,16:55,11:15
AGC,HWH,train,1510,1550,20976,Agra Cantt. - Howrah Chambal Express,true,,05:45,06:55
HWH,AGC,train,1515,1550,20975,Howrah - Agra Cantt. Chambal Express,true,,17:45,19:00
JU,HWH,train,1740,2000,12308,Jodhpur - Howrah Superfast Express,true,,23:55,04:55
HWH,JU,train,1785,2000,12307,Howrah - Jodhpur Superfast Express,true,,23:30,05:15
ADI,HWH,train,2275,2290,12833,Ahmedabad - Howrah SF Express,true,,00:25,14:20
HWH,ADI,train,2230,2290,12834,Howrah - Ahmedabad SF Express,true,,23:05,12:15
NDLS,MMCT,train,940,1520,12952,New Delhi - Mumbai Central Tejas Rajdhani Express,true,,16:55,08:35
MMCT,NDLS,train,932,1520,12951,Mumbai Central - New Delhi Tejas Rajdhani Express,true,,17:00,08:32
NDLS,PRYJ,train,530,700,12418,Prayagraj Express,true,,22:10,07:00
PRYJ,NDLS,train,530,700,12417,Prayagraj Express,true,,22:10,07:00
LTT,GKP,train,1800,1880,12165,Mumbai LTT - Gorakhpur SF Express (Via Prayagraj),true,,06:00,12:00
GKP,LTT,train,1765,1880,12166,Gorakhpur - Mumbai LTT SF Express (Via Prayagraj),true,,15:25,20:50
MDU,MS,train,475,540,12638,Pandian SF Express,true,,21:25,05:20
MS,MDU,train,465,540,12637,Pandian SF Express,true,,21:40,05:25
DNR,SMVB,train,2850,2950,03251,Danapur - SMVT Bengaluru SF Special,true,,15:00,14:30
SMVB,DNR,train,2885,2950,03252,SMVT Bengaluru - Danapur SF Special,true,,23:50,23:55
AII,MYS,train,2510,2520,16209,Ajmer - Mysuru Express,true,,06:15,00:05
MYS,AII,train,2515,2520,16210,Mysuru - Ajmer Express,true,,20:30,14:25
CDG,LJN,train,685,710,12232,Chandigarh - Lucknow SF Express,true,,21:05,08:30
LJN,CDG,train,700,710,12231,Lucknow - Chandigarh SF Express,true,,22:25,10:05
UDZ,NZM,train,740,820,12964,Mewar SF Express,true,,18:30,06:50
NZM,UDZ,train,785,820,12963,Mewar SF Express,true,,18:25,07:30
ASV,AGC,train,1005,980,01909,Asarva - Agra Cantt. Special Fare Special,true,,15:00,07:45
AGC,ASV,train,1020,980,01910,Agra Cantt. - Asarva Special Fare Special,true,,18:10,11:10
SC,LTT,train,730,850,12220,Secunderabad - Mumbai LTT AC Duronto Express,true,,23:05,11:15
LTT,SC,train,745,850,12219,Mumbai LTT - Secunderabad AC Duronto Express,true,,23:05,11:30
INDB,HWH,train,1885,1910,22911,Shipra Express,true,,23:30,06:55
HWH,INDB,train,1830,1910,22912,Shipra Express,true,,17:45,00:15
BSP,ERS,train,2160,2360,22815,Bilaspur - Ernakulam Jn. SF Express,true,,08:15,20:15
ERS,BSP,train,2215,2360,22816,Ernakulam Jn. - Bilaspur SF Express,true,,08:40,21:35
RKMP,LTT,train,805,900,12154,Rani Kamalapati - Mumbai LTT Weekly SF Express,true,,18:00,07:25
LTT,RKMP,train,805,900,12153,Mumbai LTT - Rani Kamalapati Weekly SF Express,true,,16:25,05:50
CSMT,BNRS,train,1650,1660,22177,Mahanagari SF Express,true,,00:15,03:45
BNRS,CSMT,train,1565,1660,22178,Mahanagari SF Express,true,,09:35,11:40
BPL,REWA,train,615,630,22145,Bhopal - Rewa SF Express,true,,23:00,09:15
REWA,BPL,train,595,630,22146,Rewa - Bhopal SF Express,true,,22:20,08:15
BKN,HWH,train,1825,2070,22308,Bikaner - Howrah SF Express,true,,22:30,04:55
HWH,BKN,train,1845,2070,22307,Howrah - Bikaner SF Express,true,,23:30,06:15
BNRS,VRL,train,2105,2170,12946,Banaras - Veraval SF Express,true,,07:30,18:35
VRL,BNRS,train,2065,2170,12945,Veraval - Banaras SF Express,true,,04:30,14:55
BNRS,GNC,train,1450,1650,22585,Banaras - Gandhinagar Capital SF Express,true,,15:10,15:20
GNC,BNRS,train,1455,1650,22586,Gandhinagar Capital - Banaras SF Express,true,,23:15,23:30
BNRS,OKHA,train,2040,2230,22970,Banaras - Okha SF Express,true,,21:45,07:45
OKHA,BNRS,train,2155,2230,22969,Okha - Banaras SF Express,true,,14:05,02:00
