source,destination,mode,duration_min,cost_inr,train_number,train_name,available,date,dep_time,arr_time,valid_from,valid_to
DGHR,RXL,train,1070,550,05546,Deoghar - Raxaul Shravani Mela Special,true,,17:50,11:40,07-31,08-30
RXL,DGHR,train,995,550,05545,Raxaul - Deoghar Shravani Mela Special,true,,00:30,17:05,07-31,08-30
RNC,SBO,train,780,560,08601,Ranchi - Sabaur Exam Special,true,,19:00,08:00,08-03,08-21
SBO,RNC,train,775,560,08602,Sabaur - Ranchi Exam Special,true,,09:50,22:45,08-04,08-22
RMT,ROU,train,375,310,08184,Ramgarh Cantt. - Rourkela Exam Special,true,,05:15,11:30,08-04,08-22
ROU,RMT,train,345,310,08183,Rourkela - Ramgarh Cantt. Exam Special,true,,20:30,02:15,08-03,08-21
BGP,RNC,train,750,600,08645,Bhagalpur - Ranchi Shravani Mela Special (via Barkakana),true,,09:10,21:40,07-28,09-12
RNC,BGP,train,780,600,08646,Ranchi - Bhagalpur Shravani Mela Special (via Barkakana),true,,17:30,06:30,07-27,09-11
MDP,NITR,train,1610,1290,08896,Madhupur - NSCB Itwari Shravani Mela Special,true,,09:00,11:50,08-02,08-30
NITR,MDP,train,1530,1280,08895,NSCB Itwari - Madhupur Shravani Mela Special,true,,04:30,06:00,08-01,08-29
DNR,SBG,train,510,340,03236,Danapur - Sahibganj Shravani Mela Special,true,,05:15,13:45,08-02,08-30
SBG,DNR,train,550,340,03235,Sahibganj - Danapur Shravani Mela Special,true,,15:20,00:30,08-02,08-30
ASN,JYG,train,1020,440,05598,Asansol - Jaynagar Shravani Mela Special,true,,13:00,06:00,08-01,08-31
JYG,ASN,train,870,440,05597,Jaynagar - Asansol Shravani Mela Special,true,,21:00,11:30,07-31,08-30
DHN,SSB,train,1420,1310,03639,Dhanbad - Shakur Basti Special,true,,18:30,18:10,03-06,08-31
SSB,DHN,train,1595,1310,03640,Shakur Basti - Dhanbad Special,true,,21:10,23:45,03-07,09-01
DHN,SGAC,train,1580,1510,09822,Dhanbad - Sogaria (Kota) Special,true,,05:15,07:35,04-18,11-28
SGAC,DHN,train,1715,1510,09821,Sogaria (Kota) - Dhanbad Special,true,,23:10,03:45,04-16,11-26
PNBE,KUR,train,1150,1070,03230,Patna - Khurda Road Summer Special,true,,08:45,03:55,04-09,08-27
KUR,PNBE,train,1140,1070,03229,Khurda Road - Patna Summer Special,true,,15:45,10:45,04-10,08-28
PNBE,IPR,train,170,70,03297,Patna - Islampur Shravani Mela Special,true,,16:10,19:00,07-26,09-29
IPR,PNBE,train,195,70,03298,Islampur - Patna Shravani Mela Special,true,,07:45,11:00,07-27,09-30
RXL,NKE,train,85,50,05548,Raxaul - Narkatiaganj Shravani Mela Special,true,,11:50,13:15,08-01,08-31
NKE,RXL,train,65,50,05547,Narkatiaganj - Raxaul Shravani Mela Special,true,,23:15,00:20,08-01,08-29
RXL,LTT,train,2075,2100,05557,Raxaul - Mumbai LTT SF Summer Special,true,,19:15,05:50,04-21,09-15
LTT,RXL,train,1975,2100,05558,Mumbai LTT - Raxaul SF Summer Special,true,,07:55,16:50,04-23,09-17
NDLS,SOU,train,1980,1370,04072,New Delhi - Supaul Special,true,,21:35,06:35,08-06,09-30
SOU,NDLS,train,1875,1370,04071,Supaul - New Delhi Special,true,,07:45,15:00,08-08,10-02
NDLS,DBG,train,1305,1280,02570,New Delhi - Darbhanga Clone Special,true,,12:15,10:00,09-01,09-01
DBG,NDLS,train,1320,1280,02569,Darbhanga - New Delhi Clone Special,true,,06:30,04:30,09-21,08-31
NDLS,BJU,train,1275,1300,02564,New Delhi - Barauni Clone Special,true,,17:55,15:10,09-01,09-01
BJU,NDLS,train,1290,1300,02563,Barauni - New Delhi Clone Special,true,,07:40,05:10,08-31,08-31
ANVT,SHC,train,1755,1310,05576,Anand Vihar Terminal - Saharsa Summer Special,true,,05:15,10:30,04-30,08-27
SHC,ANVT,train,1745,1310,05575,Saharsa - Anand Vihar Terminal Summer Special,true,,20:00,01:05,04-28,08-25
ANVT,PRNC,train,1815,1410,05580,Anand Vihar Terminal - Purnia Court Summer Special,true,,05:15,11:30,04-28,09-01
PRNC,ANVT,train,1805,1410,05579,Purnia Court - Anand Vihar Terminal Summer Special,true,,19:00,01:05,04-26,08-30
PRNC,SHC,train,210,100,05505,Purnia Court - Saharsa Summer Special,true,,15:00,18:30,09-02,09-02
SHC,PRNC,train,130,100,05506,Saharsa - Purnia Court Summer Special,true,,13:20,15:30,08-30,08-30
ASR,KIR,train,2060,1830,05735,Amritsar - Katihar Summer Special,true,,13:25,23:45,07-17,09-04
KIR,ASR,train,2205,1830,05736,Katihar - Amritsar Summer Special,true,,21:00,09:45,07-15,09-02
KIR,MMCT,train,2545,2520,09190,Katihar - Mumbai Central Summer Special,true,,00:15,18:40,05-19,09-01
MMCT,KIR,train,2675,2520,09189,Mumbai Central - Katihar Summer Special,true,,10:55,07:30,05-16,08-29
KIR,YPR,train,2805,2570,06572,Katihar - Yesvantpur Special,true,,05:15,04:00,03-13,08-28
YPR,KIR,train,2730,2570,06571,Yesvantpur - Katihar Special,true,,07:00,04:30,03-10,08-25
MLDT,SMVB,train,2685,2510,06566,Malda Town - SMVT Bengaluru Special,true,,16:00,12:45,04-08,09-02
SMVB,MLDT,train,2450,2510,06565,SMVT Bengaluru - Malda Town Special,true,,23:40,16:30,04-05,08-30
MLDT,UDN,train,2390,2200,09034,Malda Town - Udhna Special,true,,09:30,01:20,04-12,08-30
UDN,MLDT,train,2160,2200,09033,Udhna - Malda Town Special,true,,23:00,11:00,04-09,08-27
KOAA,DBRG,train,1680,1490,05931,Kolkata - Dibrugarh Special,true,,02:30,06:30,04-06,08-31
DBRG,KOAA,train,1890,1490,05932,Dibrugarh - Kolkata Special,true,,17:00,00:30,04-04,08-29
KOAA,AGC,train,1475,1410,01912,Kolkata - Agra Cantt. Special,true,,07:25,08:00,07-24,09-25
AGC,KOAA,train,1465,1410,01911,Agra Cantt. - Kolkata Special,true,,03:40,04:05,07-23,09-24
KOAA,CNB,train,1080,1130,04158,Kolkata - Kanpur Central Summer Special,true,,07:25,01:25,07-22,09-30
CNB,KOAA,train,1205,1130,04157,Kanpur Central - Kolkata Special,true,,08:00,04:05,07-21,09-29
KOAA,MAU,train,1160,870,05095,Kolkata - Mau Special,true,,13:20,08:40,04-09,09-24
MAU,KOAA,train,1160,870,05096,Mau - Kolkata Special,true,,13:30,08:50,04-08,09-23
NHLN,SRC,train,1700,1360,08048,Naharlagun - Santragachi Special,true,,23:55,04:15,04-04,09-05
SRC,NHLN,train,1610,1360,08047,Santragachi - Naharlagun Special,true,,18:00,20:50,04-03,09-04
NHLN,SC,train,3420,3030,07047,Naharlagun - Secunderabad AC Special,true,,13:00,22:00,04-13,09-28
SC,NHLN,train,3330,3030,07046,Secunderabad - Naharlagun AC Special,true,,08:30,16:00,04-10,09-25
RKMP,AGTL,train,3125,2730,01665,Rani Kamalapati - Agartala Special,true,,15:20,19:25,12-26,12-26
AGTL,RKMP,train,2835,2730,01666,Agartala - Rani Kamalapati Special,true,,17:20,16:35,12-29,12-29
CHZ,SHM,train,1700,1700,08046,Charlapalli - Shalimar Special,true,,06:55,11:15,04-04,09-26
SHM,CHZ,train,1680,1700,08045,Shalimar - Charlapalli SF Special,true,,00:30,04:30,04-03,09-25
CHZ,QLN,train,1845,1620,07195,Charlapalli - Kollam Onam Special,true,,07:15,14:00,08-14,09-04
QLN,CHZ,train,1870,1620,07196,Kollam - Charlapalli Onam Special,true,,17:20,00:30,08-15,09-05
CHZ,KTYM,train,1750,1510,07197,Charlapalli - Kottayam Onam Special,true,,07:15,12:25,08-16,08-30
KTYM,CHZ,train,1905,1510,07198,Kottayam - Charlapalli Onam Special,true,,16:45,00:30,08-17,08-31
VLNK,CHZ,train,1590,1220,07126,Velankanni - Charlapalli Festival Special,true,,19:30,22:00,08-29,09-05
CHZ,VLNK,train,1530,1220,07125,Charlapalli - Velankanni Festival Special,true,,07:40,09:10,08-28,09-04
VLNK,LTT,train,2125,1760,01162,Velankanni - Mumbai LTT Festival Special,true,,05:15,16:40,08-28,09-09
LTT,VLNK,train,2290,1760,01161,Mumbai LTT - Velankanni Festival Special,true,,11:50,02:00,08-26,09-07
VLNK,BDTS,train,2295,1810,09060,Velankanni - Bandra Terminus Festival Special,true,,00:45,15:00,08-30,09-04
BDTS,VLNK,train,2195,1810,09059,Bandra Terminus - Velankanni Festival Special,true,,21:30,10:05,08-27,09-01
BDTS,JP,train,1275,1270,09724,Bandra Terminus - Jaipur Special,true,,09:30,06:45,08-20,08-20
JP,BDTS,train,1235,1270,09723,Jaipur - Bandra Terminus Special,true,,08:20,04:55,08-19,08-19
JP,CBE,train,3505,3310,06182,Jaipur - Coimbatore AC Special,true,,22:05,08:30,08-16,09-06
CBE,JP,train,3535,3310,06181,Coimbatore - Jaipur AC Special,true,,02:30,13:25,08-13,09-03
BGP,GIMB,train,3060,2670,09452,Bhagalpur - Gandhidham Special,true,,05:00,08:00,04-20,08-31
GIMB,BGP,train,2990,2670,09451,Gandhidham - Bhagalpur Summer Special,true,,18:25,20:15,04-17,08-28
DBG,ADI,train,2255,2110,09466,Darbhanga - Ahmedabad Special,true,,03:00,16:35,05-18,09-14
ADI,DBG,train,2285,2110,09465,Ahmedabad - Darbhanga Special,true,,20:25,10:30,07-03,09-11
GKP,HYB,train,1975,2020,07076,Gorakhpur - Hyderabad Special,true,,08:30,17:25,12-17,09-27
HYB,GKP,train,2010,2020,07075,Hyderabad - Gorakhpur Special,true,,21:00,06:30,12-15,09-25
MAQ,HYB,train,1920,1640,07098,Mangaluru Central - Hyderabad Special,true,,20:00,04:00,06-04,09-03
HYB,MAQ,train,1750,1640,07097,Hyderabad - Mangaluru Central Special,true,,04:20,09:30,06-03,09-02
QLN,HYB,train,1845,1640,07194,Kollam - Hyderabad Special,true,,10:45,17:30,05-26,09-28
HYB,QLN,train,1920,1640,07193,Hyderabad - Kollam Special,true,,23:10,07:10,05-24,09-26
GKP,BRC,train,1655,1670,09112,Gorakhpur - Vadodara Special,true,,05:00,08:35,02-25,09-30
BRC,GKP,train,1710,1670,09111,Vadodara - Gorakhpur Special,true,,19:00,23:30,02-23,09-28
BL,HSR,train,1395,1400,04728,Valsad - Hisar Special,true,,14:50,14:05,02-19,08-13
HSR,BL,train,1405,1400,04727,Hisar - Valsad Special,true,,12:05,11:30,02-18,08-12
BNW,BDTS,train,1535,1610,09006,Bhiwani - Bandra Terminus SF Special,true,,14:35,16:10,01-29,08-27
BDTS,BNW,train,1560,1610,09005,Bandra Terminus - Bhiwani SF Special,true,,11:00,13:00,01-28,08-26
BHUJ,BDTS,train,905,920,09012,Bhuj - Bandra Terminus SF Special,true,,17:40,08:45,01-28,08-26
BDTS,BHUJ,train,875,920,09011,Bandra Terminus - Bhuj SF Special,true,,23:55,14:30,01-27,08-25
VRL,BDTS,train,1070,1000,09018,Veraval - Bandra Terminus Summer Special,true,,11:05,04:55,01-26,08-31
BDTS,VRL,train,1045,1000,09017,Bandra Terminus - Veraval Summer Special,true,,14:40,08:05,01-25,08-30
BVC,BDTS,train,910,860,09208,Bhavnagar Terminus - Bandra Terminus Special,true,,14:50,06:00,11-09,08-27
BDTS,BVC,train,855,860,09207,Bandra Terminus - Bhavnagar Terminus Special,true,,09:30,23:45,11-10,08-28
LKU,RJT,train,1775,1640,05045,Lalkuan - Rajkot Special,true,,12:35,18:10,05-17,09-27
RJT,LKU,train,1845,1640,05046,Rajkot - Lalkuan Special,true,,22:30,05:15,05-18,09-28
SBIB,LKU,train,1340,1250,05343,Sabarmati - Lal Kuan Special,true,,16:00,14:20,09-03,11-26
LKU,SBIB,train,1290,1250,05344,Lal Kuan - Sabarmati Special,true,,13:35,11:05,09-02,11-25
LKU,SBC,train,2740,2900,05074,Lal Kuan - KSR Bengaluru Special,true,,17:45,15:25,,
SBC,LKU,train,2990,2900,05073,KSR Bengaluru - Lal Kuan Special,true,,07:15,09:05,,
AII,SRC,train,2420,2270,08612,Ajmer - Santragachi Special,true,,23:40,16:00,05-22,10-01
SRC,AII,train,2640,2270,08611,Santragachi - Ajmer Special,true,,19:00,15:00,05-19,09-29
PNBE,MDJN,train,1625,1300,09602,Patna - Madar (Ajmer) Summer Special,true,,10:15,13:20,04-24,09-25
MDJN,PNBE,train,1535,1300,09601,Madar (Ajmer) - Patna Summer Special,true,,06:40,08:15,04-23,09-24
VGLJ,ASN,train,1750,1250,04185,VGL Jhansi - Asansol Special,true,,09:20,14:30,07-29,08-30
ASN,VGLJ,train,1560,1250,04186,Asansol - VGL Jhansi Special,true,,17:10,19:10,07-30,08-31
VGLJ,KUR,train,2315,1830,01929,VGL Jhansi - Khurda Road Summer Special,true,,04:55,19:30,04-17,08-28
KUR,VGLJ,train,2080,1830,01930,Khurda Road - VGL Jhansi Summer Special,true,,00:35,11:15,04-19,08-30
HDP,VGLJ,train,1190,1290,01923,Hadapsar (Pune) - VGL Jhansi SF Special,true,,19:10,15:00,04-19,09-27
VGLJ,HDP,train,1250,1290,01924,VGL Jhansi - Hadapsar (Pune) SF Summer Special,true,,19:40,16:30,04-18,09-26
BJU,GWL,train,1355,1020,04138,Barauni - Gwalior Special,true,,13:45,12:20,05-20,09-27
GWL,BJU,train,1320,1020,04137,Gwalior - Barauni Special,true,,14:15,12:15,05-19,09-26
AY,JBP,train,1035,770,01706,Ayodhya Dham - Jabalpur Special,true,,13:30,06:45,04-22,12-30
JBP,AY,train,945,770,01705,Jabalpur - Ayodhya Dham Special,true,,19:40,11:25,04-21,12-29
JBP,CBE,train,2480,2430,02198,Jabalpur - Coimbatore SF Special,true,,23:50,17:10,12-27,12-27
CBE,JBP,train,2495,2430,02197,Coimbatore - Jabalpur SF Special,true,,15:10,08:45,12-30,12-30
MAQ,MS,train,1135,980,06126,Mangaluru Central - Chennai Egmore Special,true,,16:00,10:55,07-13,08-31
MS,MAQ,train,1120,980,06125,Chennai Egmore - Mangaluru Central Special,true,,14:00,08:40,07-14,09-01
TBM,TVC,train,1035,880,06109,Tambaram - Thiruvananthapuram Special,true,,14:00,07:15,08-13,09-03
TVC,TBM,train,1095,880,06110,Thiruvananthapuram - Tambaram Special,true,,15:45,10:00,08-12,09-02
TBM,TN,train,770,760,06017,Tambaram - Tuticorin Summer Special,true,,15:40,04:30,04-21,09-01
TN,TBM,train,780,760,06018,Tuticorin - Tambaram Summer Special,true,,23:30,12:30,04-20,08-31
TBM,TSI,train,630,700,06135,Tambaram - Tenkasi Intercity SF Special,true,,05:00,15:30,07-30,08-15
TSI,TBM,train,615,700,06136,Tenkasi - Tambaram SF Intercity Special,true,,05:00,15:15,07-31,08-16
MTP,TEN,train,740,550,06029,Mettupalayam - Tirunelveli Special,true,,19:45,08:05,09-08,08-31
TEN,MTP,train,750,550,06030,Tirunelveli - Mettupalayam Special,true,,19:00,07:30,09-07,08-30
RMM,UBL,train,1420,1220,07356,Rameswaram - SSS Hubballi Special,true,,20:00,19:40,04-06,08-31
UBL,RMM,train,1350,1220,07355,SSS Hubballi - Rameswaram Special,true,,06:50,05:20,04-05,08-30
TVCN,SMVB,train,1035,890,06524,Thiruvananthapuram North - SMVT Bengaluru Special,true,,15:15,08:30,08-12,09-29
SMVB,TVCN,train,1070,890,06523,SMVT Bengaluru - Thiruvananthapuram North Special,true,,19:25,13:15,08-11,09-28
TVCN,MAJN,train,720,690,06093,Thiruvananthapuram North - Mangaluru Jn. SF Special,true,,09:00,21:00,08-12,09-02
MAJN,TVC,train,855,700,06094,Mangaluru Jn. - Thiruvananthapuram SF Special,true,,15:15,05:30,08-13,09-03
CAN,BNC,train,855,750,06230,Kannur - Bengaluru Cantt. Onam Special,true,,19:45,10:00,08-30,08-30
MYS,CAN,train,1075,900,06229,Mysuru - Kannur Onam Special,true,,23:55,17:50,08-29,08-29
AKP,SUR,train,1815,1600,01478,Anakapalle - Solapur Special,true,,17:35,23:50,10-25,09-26
SUR,AKP,train,1650,1600,01477,Solapur - Anakapalle Special,true,,09:30,13:00,10-24,09-25
BJP,YPR,train,670,770,06578,Vijayapura - Yesvantpur Summer Special,true,,17:00,04:10,05-17,09-01
YPR,BJP,train,660,770,06577,Yesvantpur - Vijayapura Summer Special,true,,18:15,05:15,05-16,08-31
DNR,BL,train,1860,1810,09026,Danapur - Valsad Special,true,,14:30,21:30,02-24,09-01
BL,DNR,train,1640,1810,09025,Valsad - Danapur Special,true,,08:40,12:00,02-23,08-31
DNR,PUNE,train,2235,1920,01450,Danapur - Pune Special,true,,05:00,18:15,02-23,09-30
PUNE,DNR,train,2115,1920,01449,Pune - Danapur Special,true,,15:30,02:45,02-21,09-28
MMCT,CPA,train,1720,1750,09185,Mumbai Central - Kanpur Anwarganj SF Summer Special,true,,10:55,15:35,04-05,08-30
CPA,MMCT,train,1685,1750,09186,Kanpur Anwarganj - Mumbai Central SF Summer Special,true,,18:25,22:30,04-06,08-31
SFG,BDTS,train,1690,1850,04125,Subedarganj - Bandra Terminus SF Summer Special,true,,05:20,09:30,03-02,08-31
BDTS,SFG,train,1785,1850,04126,Bandra Terminus - Subedarganj SF Summer Special,true,,11:15,17:00,03-03,09-01
SFG,DDR,train,1830,1860,04175,Subedarganj - Dadar Western Special,true,,16:10,22:40,06-21,08-30
DDR,SFG,train,1725,1860,04176,Dadar Western - Subedarganj Special,true,,00:15,05:00,06-23,09-01
SFG,INDB,train,1435,1090,04169,Subedarganj - Indore Summer Special,true,,05:00,04:55,06-15,09-28
INDB,SFG,train,1440,1090,04170,Indore - Subedarganj Summer Special,true,,20:30,20:30,06-16,09-29
PRYJ,SIKR,train,910,900,04161,Prayagraj - Sikar Special,true,,17:10,08:20,08-10,11-30
SIKR,PRYJ,train,1045,900,04162,Sikar - Prayagraj Special,true,,15:25,08:50,08-11,12-01
PRYJ,UDN,train,1550,1570,04105,Prayagraj - Udhna Special,true,,19:00,20:50,06-11,08-30
UDN,PRYJ,train,1785,1570,04106,Udhna - Prayagraj Special,true,,23:25,05:10,06-12,08-31
AMH,BDTS,train,2020,2140,05183,Azamgarh - Bandra Terminus SF Special,true,,22:30,08:10,04-04,09-26
BDTS,AMH,train,2260,2140,05184,Bandra Terminus - Azamgarh SF Special,true,,10:45,00:25,04-06,09-28
SNSI,BKN,train,2005,1930,04716,Sainagar Shirdi - Bikaner Special,true,,19:35,05:00,09-28,08-16
BKN,SNSI,train,1770,1930,04715,Bikaner - Sainagar Shirdi Special,true,,13:30,19:00,09-27,08-15
KK,INDB,train,1155,1060,09323,Khadki (Pune) - Indore Special,true,,04:40,23:55,03-05,08-27
INDB,KK,train,935,1060,09324,Indore - Khadki (Pune) Special,true,,11:15,02:50,08-26,08-26
BSL,DDR,train,695,640,09050,Bhusaval - Dadar Western Special,true,,17:40,05:15,07-05,09-25
DDR,BSL,train,730,640,09049,Dadar Western - Bhusaval Special,true,,00:15,12:25,07-05,09-25
ADI,TPJ,train,2525,2340,09419,Ahmedabad - Tiruchchirappalli Special,true,,09:30,03:35,12-31,12-31
TPJ,ADI,train,2370,2260,09420,Tiruchchirappalli - Ahmedabad Special,true,,05:45,21:15,01-03,01-03
RN,PUNE,train,670,500,01448,Ratnagiri - Pune Ganpati Special,true,,17:50,05:00,09-12,09-26
PUNE,RN,train,685,500,01447,Pune - Ratnagiri Ganpati Special,true,,00:25,11:50,09-12,09-26
LTT,RN,train,480,360,01167,Mumbai LTT - Ratnagiri Ganpati Special,true,,21:00,05:00,09-12,09-26
RN,LTT,train,515,360,01168,Ratnagiri - Mumbai LTT Ganpati Special,true,,08:40,17:15,09-13,09-27
CSMT,SWV,train,835,560,01151,Mumbai CSMT - Sawantwadi Road Ganpati Special,true,,00:25,14:20,09-11,09-27
SWV,CSMT,train,780,560,01152,Sawantwadi Road - Mumbai CSMT Ganpati Special,true,,15:35,04:35,09-11,09-27
MMCT,SWV,train,945,610,09019,Mumbai Central - Sawantwadi Road Ganapati Special,true,,10:45,02:30,09-11,09-23
SWV,MMCT,train,920,610,09020,Sawantwadi Road - Mumbai Central Ganapati Special,true,,04:50,20:10,09-12,09-24
RN,BRC,train,960,760,09113,Ratnagiri - Vadodara Ganpati Special,true,,01:30,17:30,09-16,09-16
BRC,RN,train,795,760,09114,Vadodara - Ratnagiri Ganpati Special,true,,11:15,00:30,09-15,09-15
RN,UDN,train,800,610,09021,Ratnagiri - Udhna Ganpati Special,true,,21:00,10:20,09-17,09-24
UDN,RN,train,715,610,09022,Udhna - Ratnagiri Ganpati Special,true,,08:05,20:00,09-17,09-24
RN,BL,train,785,540,09029,Ratnagiri - Valsad Ganapati Special,true,,03:10,16:15,09-15,09-15
BL,RN,train,700,540,09030,Valsad - Ratnagiri Ganapati Special,true,,14:50,02:30,09-14,09-14
NZM,INDB,train,760,900,09310,Hazrat Nizamuddin - Indore SF Special,true,,08:20,21:00,02-23,08-31
INDB,NZM,train,720,900,09309,Indore - Hazrat Nizamuddin SF Special,true,,17:00,05:00,02-22,08-30
PRYJ,NZM,train,1210,870,04123,Prayagraj - Hazrat Nizamuddin Special,true,,15:25,11:35,03-15,08-30
NZM,PRYJ,train,1045,870,04124,Hazrat Nizamuddin - Prayagraj Special,true,,15:45,09:10,03-16,08-31
CNB,GHY,train,2100,1590,04127,Kanpur Central - Guwahati Summer Special,true,,08:00,19:00,04-09,09-03
GHY,CNB,train,2010,1590,04128,Guwahati - Kanpur Central Special,true,,22:00,07:30,04-10,09-04
CNB,MDU,train,2825,2740,01925,Kanpur Central - Madurai Special,true,,08:10,07:15,07-01,08-26
MDU,CNB,train,3000,2740,01926,Madurai - Kanpur Central Special,true,,02:30,04:30,07-04,08-29
CNB,SMVB,train,3100,2610,04133,Kanpur Central - SMVT Bengaluru Summer Special,true,,16:30,20:10,05-31,09-27
SMVB,CNB,train,2685,2610,04134,SMVT Bengaluru - Kanpur Central Summer Special,true,,07:00,03:45,06-03,09-30
SBC,DNR,train,2925,2960,06509,KSR Bengaluru - Danapur Clone Special,true,,07:15,08:00,,
DNR,SBC,train,2890,2960,06510,Danapur - KSR Bengaluru Clone Special,true,,18:10,18:20,,
DLI,GKP,train,990,800,05058,Delhi - Gorakhpur Special,true,,14:00,06:30,,
GKP,DLI,train,845,800,05057,Gorakhpur - Delhi Special,true,,22:45,12:50,,
VSKP,SHM,train,940,970,08508,Visakhapatnam - Shalimar Special,true,,11:20,03:00,04-07,09-29
SHM,VSKP,train,950,970,08507,Shalimar - Visakhapatnam Summer Special,true,,05:00,20:50,04-08,09-30
DNR,CHZ,train,1860,1700,07092,Danapur - Charlapalli Special,true,,03:00,10:00,06-08,09-28
CHZ,DNR,train,2095,1700,07091,Charlapalli - Danapur Special,true,,13:00,23:55,06-06,09-26
PNBE,CHZ,train,2190,2040,03253,Patna - Charlapalli Summer Special,true,,15:00,03:30,04-08,09-16
CHZ,PNBE,train,2190,2040,03255,Charlapalli - Patna Summer Special,true,,21:00,09:30,04-10,09-18
SRC,CHZ,train,1745,1690,07222,Santragachi - Charlapalli Summer Special,true,,12:25,17:30,05-24,09-27
CHZ,SRC,train,1760,1690,07221,Charlapalli - Santragachi Summer Special,true,,05:40,11:00,05-23,09-26
CNB,ASV,train,1290,1260,01905,Kanpur Central - Asarva Special,true,,08:15,05:45,04-06,08-31
ASV,CNB,train,1325,1260,01906,Asarva - Kanpur Central Special,true,,08:55,07:00,04-07,09-01
AGC,UDN,train,1120,1090,01907,Agra Cantt. - Udhna Special,true,,18:45,13:25,04-07,08-25
UDN,AGC,train,1025,1090,01908,Udhna - Agra Cantt. Special,true,,15:25,08:30,03-11,08-26
LTT,SUR,train,1225,980,01436,Mumbai LTT - Solapur Special,true,,12:50,09:15,10-08,09-30
SUR,LTT,train,1105,980,01435,Solapur - Mumbai LTT Special,true,,09:20,03:45,10-07,09-29
MAS,QLN,train,990,930,06117,MGR Chennai Central - Kollam Onam Special,true,,23:50,16:20,08-13,09-05
QLN,MAS,train,1010,930,06118,Kollam - MGR Chennai Central Onam Special,true,,18:45,11:35,08-14,09-06
ERS,SMVB,train,815,660,06147,Ernakulam Jn. - SMVT Bengaluru Onam Special,true,,23:10,12:45,08-09,09-06
SMVB,ERS,train,825,660,06148,SMVT Bengaluru - Ernakulam Jn. Onam Special,true,,16:00,05:45,08-10,09-07
VLNK,ERS,train,1030,760,06062,Velankanni - Ernakulam Jn. Special,true,,18:40,11:50,08-28,09-11
ERS,VLNK,train,1010,760,06061,Ernakulam Jn. - Velankanni Special,true,,13:00,05:50,08-27,09-10
VLNK,VSG,train,1625,1350,07362,Velankanni - Vasco Da Gama Special,true,,23:55,03:00,08-29,09-03
VSG,VLNK,train,1790,1350,07361,Vasco Da Gama - Velankanni Special,true,,21:55,03:45,08-27,09-01
ANVT,RNC,train,1385,1360,02878,Anand Vihar Terminal - Ranchi Special,true,,19:30,18:35,08-09,09-27
RNC,ANVT,train,1460,1360,02877,Ranchi - Anand Vihar Terminal Special,true,,17:40,18:00,08-08,09-26
