code,name,state,lat,lon
NZB,Nizamabad,Andhra Pradesh,18.67916,78.10324
ROZA,Roza Jn,,27.85312,79.95604
FBD,Farrukhabad,,27.38236,79.57174
TCN,Tiruchendur,Tamil Nadu,8.50177,78.11712
TBM,Tambaram,,12.92604,80.11916
LEDO,Ledo,Assam,27.28843,95.72537
HRF,Hathras Kila,Uttar Pradesh,27.59488,78.05802
JGM,Jhargram,,22.45496,86.99853
NCJ,Nagercoil Jn,Tamil Nadu,8.17385,77.44347
TJ,Thanjavur,Tamil Nadu,10.77809,79.1383
WADI,Wadi,,17.05431,76.99155
NKE,Narkatiaganj Jn,Bihar,27.10504,84.46404
SHTS,Sambhal Hatim Sarai,Uttar Pradesh,28.59691,78.56824
VAPI,Vapi,Gujarat,20.37434,72.90913
VTL,Vadtal Swaminarayan,Gujarat,22.59164,72.87675
VSG,Vasco Da Gama,Goa,15.39724,73.81342
APDJ,Alipur Duar Jn,West Bengal,26.52328,89.53405
KMU,Kumbakonam,Tamil Nadu,10.95296,79.38864
NMA,Nirmali,Bihar,26.30532,86.57462
PLK,Palia Kalan,Uttar Pradesh,28.42664,80.58239
ANND,Anand Jn,,22.56131,72.96573
SDAH,Kolkata Sealdah,,22.56676,88.37471
SRR,Shoranur Jn,,10.75885,76.2722
INDM,Indore Junction Mg,Madhya Pradesh,22.71714,75.86807
DVA,Delvada,Gujarat,20.77343,71.04153
DDU,Pt.Deen Dayal Upadhyaya Jn.,,,
NS,Narasapur,Andhra Pradesh,16.44589,81.69991
DMO,Damoh,,23.83669,79.43225
BVC,Bhavnagar Terminus,Gujarat,21.78167,72.14106
UDL,Andal Jn,,23.57901,87.18119
BL,Valsad,Gujarat,20.60856,72.93353
BTD,Botad Jn,Gujarat,22.18287,71.6656
VSKP,Vishakapatnam,,17.72159,83.28951
DAB,Dharmabad,Maharashtra,18.88826,77.84934
TRDI,Tirodi,Madhya Pradesh,21.68807,79.72456
BDMA,Budhma,Bihar,25.90277,86.85701
LFG,Lower Haflong,,,
PRR,Purulia Jn,,23.32491,86.37787
BPL,Bhopal Jn,,23.26688,77.41314
DHCA,Dhaca Cantt.,Bangladesh,23.81553,90.41062
DH,Diamond Harbour,West Bengal,22.1919,88.18992
SHG,Shahganj Jn,,26.0614,82.67966
JTTN,Jorhat Town,Assam,26.75069,94.21711
BTTR,Bitragunta,,14.76858,79.98315
BNKI,Banmankhi Junction,Bihar,25.88509,87.19366
SSB,Shakurbasti,Delhi NCT,28.68023,77.12991
PGTN,Palghat Town,Kerala,10.77539,76.65217
THE,Thawe Junction,Bihar,26.43899,84.3944
VEN,Verna,Goa,15.35359,73.91252
PON,Ponneri,,13.33232,80.1988
PNBE,Patna Jn,,25.60256,85.13682
GATL,Ghatoli,,,
BME,Barmer,Rajasthan,25.74452,71.39707
KGG,Khagaria Jn,,25.50589,86.46525
MGR,Monghyr,,,
JU,Jodhpur Jn,,26.28376,73.02319
MFR,Mandla Fort,Madhya Pradesh,22.58602,80.35591
BTC,Balaghat Junction,Madhya Pradesh,21.81163,80.19989
JP,Jaipur,,26.9202,75.78692
FTD,Fatehabad Chowk Junction,Madhya Pradesh,23.00911,75.67334
DBRT,Dibrugarh Town,Assam,27.47811,94.90197
DMV,Dimapur,Nagaland,25.9057,93.72782
COA,Kakinada Port,Andhra Pradesh,16.9552,82.24006
CAF,Chanda Fort,Maharashtra,19.94006,79.31226
TVC,Trivandrum Central,,8.48668,76.95121
BSC,Bulandshahr,Uttar Pradesh,28.39192,77.84824
AY,Ayodhya,,26.78778,82.2006
CAR,Chunar,,25.10335,82.8747
STA,Satna,Madhya Pradesh,24.56862,80.82772
CKP,Chakradharpur,,22.67898,85.62777
BHGJ,Bihariganj,Bihar,25.7326,86.99265
BRY,Bareilly,Uttar Pradesh,28.33728,79.41097
JJKR,Jajpur Keonjhar Road,,20.94354,86.13252
CTC,Cuttack,,20.46659,85.90156
MAS,Chennai Central,,13.08476,80.27486
BSB,Varanasi Jn,,25.32728,82.98647
NTW,Nanjangud Town,Karnataka,12.12211,76.68443
MKI,Bapudham Motihari,Bihar,26.65552,84.90525
ARJ,Aunrihar Jn,Uttar Pradesh,25.54466,83.18727
AGC,Agra Cantt,,27.15799,77.99015
NTSK,New Tinsukia Jn,Assam,27.47975,95.33413
RPH,Rampur Hat,,24.1798,87.78215
MQ,Mannargudi,Tamil Nadu,10.67454,79.45564
RUSD,Runnisaidpur,Bihar,26.41058,85.51969
BTI,Bhatinda Jn,Punjab,30.20949,74.93208
TTP,Tiruturaipundi Jn.,,,
DIVA,Diva,,19.18839,73.0419
BZA,Vijayawada Jn,,16.51826,80.61865
FN,Farukhnagar,Haryana,28.46707,76.82849
SOG,Suratgarh Jn,Rajasthan,29.32415,73.90725
KBPR,Kabakaputtur,Karnataka,12.7684,75.2045
SBI,Sabarmati Jn,,23.07298,72.58716
MKM,Marikuppam,Karnataka,12.91897,78.26379
KNE,Kishanganj,,26.09775,87.94966
BPB,Badarpur Jn,Assam,24.86518,92.55632
SSM,Sasaram,,24.95593,84.01942
JJJ,Jaijon Doaba,Punjab,31.34966,76.13497
GY,Gooty Jn,,15.14921,77.62582
CDG,Chandigarh,Chandigarh,30.70198,76.82208
NMH,Nimach,Madhya Pradesh,24.45987,74.85303
KRPU,Koraput,,18.79219,82.71944
AII,Ajmer Jn,Rajasthan,26.45661,74.63746
JND,Junagadh Jn,Gujarat,21.53061,70.45761
MYG,Miyagam Karjan,,22.05072,73.12035
NRL,Neral,,19.02711,73.31896
MHOW,Mhow,Madhya Pradesh,22.55518,75.7711
PNVL,Panvel,Maharashtra,18.99092,73.12176
HPT,Hospet Jn,Karnataka,15.28681,76.38578
TRL,Tiruvallur,,13.11576,79.91311
NAB,Nagbhir Junction,Maharashtra,20.57981,79.70014
BTDF,Botad Jn,,22.18267,71.6654
PNU,Palanpur Jn,Gujarat,24.17443,72.43017
CTD,Chhota Udepur,Gujarat,22.31479,74.01429
PRLI,Parli Vaijnath,Maharashtra,18.853,76.52442
PHD,Phaphund,,26.63212,79.55426
DMR,Dharmanagar,Tripura,24.36695,92.16825
BRT,Brahmavart,,,
RNC,Ranchi,,23.34881,85.33352
CRND,Choranda Jn.,,,
JSME,Jasidih Jn,,24.51452,86.64426
BNRS,Banaras,,,
ALY,Allahabad City,Uttar Pradesh,25.44241,81.82974
BDL,Vindhyachal,,25.16077,82.50202
DNA,Degana Jn,,26.89735,74.31639
KRJ,Khurja Jn,,28.20641,77.81904
BWT,Bangarapet,,12.98481,78.17819
BPC,Berhampore Court,West Bengal,24.08908,88.26364
ET,Itarsi Jn,,22.60826,77.76713
RTA,Ruthiyai,,24.53192,77.17583
CGL,Chengalpattu,,12.69286,79.98152
MTC,Meerut City,Uttar Pradesh,28.97761,77.67511
UTR,Utrahtia,,26.76306,80.97403
PBE,Pilibhit Jn,Uttar Pradesh,28.61498,79.81395
GJL,Gajraula Jn,,28.83494,78.25078
ADRA,Adra Jn,West Bengal,23.49599,86.67466
MCI,Manchiryal,,18.87875,79.44885
BNVD,Bhanvad,Gujarat,21.93304,69.79886
CUR,Churu,Rajasthan,28.28828,74.9662
TPO,Tantpur,Rajasthan,26.83194,77.47803
FL,Phulera Jn,,26.87281,75.24546
CAN,Kannur,Kerala,11.87069,75.36833
UBL,Hubli Jn,Karnataka,15.3503,75.1481
KRBA,Korba,Chhattisgarh,22.33758,82.71301
BLGR,Balangir,,20.68859,83.49421
CNB,Kanpur Central,,26.45424,80.35097
TPU,Tanakpur,Uttarakhand,29.0671,80.10905
BGKT,Bhagat Ki Kothi,Rajasthan,26.2485,73.01334
DJRZ,To Darjeeling,West Bengal,26.85214,88.33323
BOP,Bhogpur,,22.40152,87.80908
BJE,Bhojudih Junction,Jharkhand,23.64217,86.447
SGRL,Singrauli,Madhya Pradesh,24.20426,82.64274
SBHR,Subrahmanya Road,Karnataka,12.73127,75.55762
ANDN,Anand Nagar,Uttar Pradesh,27.10371,83.2707
IGP,Igatpuri,,19.69405,73.56238
CBE,Coimbatore Jn,,10.99764,76.9663
VRI,Vridhachalam Jn,,11.53496,79.31607
KYQ,Kamakhya,,26.15615,91.6895
MBA,Mahoba,Uttar Pradesh,25.30691,79.84908
MB,Moradabad,,28.83162,78.7658
BRMT,Baramati,Maharashtra,18.15368,74.5782
DTR,Dhamtari,Chhattisgarh,20.71452,81.55032
KUR,Khurda Road Jn,,20.15308,85.70823
RDP,Radhikapur,West Bengal,25.64357,88.44815
VLR,Vellore Cant,Tamil Nadu,12.91072,79.12749
LMP,Lakhimpur,Uttar Pradesh,27.94741,80.77763
FKM,Fakiragram Jn,,26.36524,90.18619
CHV,Charvattur,Kerala,12.21332,75.15435
NTV,Nautanwa,Uttar Pradesh,27.42688,83.4213
NCB,New Cooch Behar,,26.35316,89.46977
SV,Siwan Jn,,26.21072,84.35927
BRC,Vadodara Jn,,22.31076,73.18107
FM,Kacheguda Falaknuma,,17.3322,78.47448
KODR,Kodinar,Gujarat,20.79737,70.69581
BKSC,Bokaro Steel City,,23.65655,86.08502
SMI,Sitamarhi Jn,,26.59437,85.50471
KJT,Karjat,,18.91116,73.32069
MAO,Madgaon,Goa,15.26791,73.97072
REWA,Rewa,Madhya Pradesh,24.53712,81.25061
NDD,Nidadavolu Jn,,16.8983,81.6755
LJN,Lucknow Jn,,26.83197,80.91859
SGNR,Shri Ganganagar,Rajasthan,29.93179,73.87142
GEDE,Gede,West Bengal,23.4912,88.78674
RMM,Rameswaram,Tamil Nadu,9.28097,79.30679
NCR,Nagore,Tamil Nadu,10.81843,79.84619
NAD,Nagda Jn,,23.45592,75.41249
KGM,Kathgodam,Uttarakhand,29.26658,79.54633
MAU,Mau Jn,,25.93948,83.56435
DI,Dombivili,,19.21822,73.0869
BBDB,Benoy Badal Dinesh Gardens,,22.57705,88.34686
JAT,Jammu Tawi,Jammu and Kashmir,32.70697,74.88012
TEN,Tirunelveli,Tamil Nadu,8.73636,77.70798
LGL,Lalgola,West Bengal,24.42115,88.25751
MED,Medchal,Andhra Pradesh,17.63933,78.47456
BOR,Boisar,Maharashtra,19.79853,72.7619
VRL,Veraval,Gujarat,20.91335,70.37069
SBP,Sambalpur,,21.48305,83.96033
SCC,Sitapur Cant,,27.55947,80.69878
TKJ,Tilak Bridge,,28.62763,77.23799
TLHR,Talcher,,20.93226,85.20038
JLWC,Jhalawar City,,,
SSA,Sirsa,Haryana,29.53915,75.03494
DMH,Dauram Madhepura,Bihar,25.90851,86.78264
TATA,Tatanagar Jn,,22.76895,86.20056
KIUL,Kiul Jn,,25.1715,86.1062
TCR,Thrisur,,10.51479,76.20792
KBT,Kadambattur,,13.09951,79.86217
ROU,Rourkela,,22.22844,84.86313
DHNE,Dhone,,15.39673,77.86573
PEN,Pen,Maharashtra,18.7356,73.0868
PLO,Pulgaon Jn,,20.72673,78.31811
NPR,Nepalganj Road,Uttar Pradesh,28.01087,81.60073
DBRG,Dibrugarh,Assam,27.46361,94.93526
UMB,Ambala Cant Jn,,30.33892,76.82697
NBD,Najibabad Jn,,29.60354,78.33573
HYB,Hyderabad Deccan,Andhra Pradesh,17.39336,78.46738
HUP,Hindupur,,13.81914,77.50036
SCT,Sengottai,,8.98741,77.24185
BBS,Bhubaneswar,,20.26539,85.84259
TDL,Tundla Jn,,27.20775,78.23328
KMC,Kamareddi,Andhra Pradesh,18.32586,78.33586
HDB,Haldibari,,26.33495,88.78194
KCG,Kacheguda,,17.38956,78.49976
SFG,Subedarganj,,25.43988,81.7899
NWD,Nawadih,Bihar,24.88676,85.54865
SPJ,Samastipur Jn,,25.8583,85.78736
ASN,Asansol Jn,,23.69144,86.97515
DWR,Dharwar,Karnataka,15.44039,75.00455
MDLE,Mandar Hill,Bihar,24.80608,87.02616
SGUJ,Siliguri Jn,West Bengal,26.7232,88.41366
JLR,Jetalsar Jn,Gujarat,21.72937,70.57391
BUI,Ballia,,25.76057,84.15312
VG,Viramgam Jn,,23.1291,72.05297
KDBM,Khed Brahma,Gujarat,24.02941,73.04126
SKZR,Sirpur Kagaznagar,,19.34566,79.4892
UHP,Udhampur,Jammu and Kashmir,32.92664,75.15488
DRZ,Dalli Rajhara,Chhattisgarh,20.58673,81.06797
MV,Mayiladuturai Jn,Tamil Nadu,11.09524,79.62868
BINA,Bina Jn,,24.17097,78.1832
BDTS,Mumbai Bandra Terminus,Maharashtra,19.06191,72.84054
BGP,Bhagalpur,,25.24191,86.97679
CDD,Chandod,Gujarat,21.99196,73.45218
FZR,Firozpur Cant,Punjab,30.94249,74.61844
ST,Surat,,21.20657,72.84079
BBN,Barbil,Odisha,22.10458,85.36906
PTN,Patan,Gujarat,23.85329,72.13167
ABKP,Ambikapur,Chhattisgarh,23.13703,83.14511
PBH,Partapgarh Jn,,25.91331,82.00178
AH,Achhnera Jn,,27.18176,77.75784
MRJ,Miraj Jn,Maharashtra,16.81995,74.63884
MHI,Manihari,Bihar,25.34322,87.61973
HPU,Hapur,,28.73961,77.77958
DLCR,Dullabcherra,Assam,24.5053,92.47767
DURG,Durg,,21.20033,81.29184
RJY,Rajamundry,,16.98416,81.7839
BGB,Budge Budge,West Bengal,22.4931,88.19469
BRWD,Barwadih Jn,,23.84384,84.11878
KPKI,Qasimpur Kheri,Uttar Pradesh,29.18277,77.28593
CPU,Chopan,Uttar Pradesh,24.51403,83.02584
CG,Canning,West Bengal,22.31326,88.66746
DHL,Devanhalli,Karnataka,13.24683,77.70463
JMNR,Jamner,Maharashtra,20.80643,75.77482
SUR,Solapur Jn,,17.6645,75.8934
SDL,Shahdol,,23.28596,81.36407
ERS,Ernakulam Jn,,9.96954,76.29067
SKB,Shikohabad Jn,,27.08569,78.57495
COR,Chittaurgarh,Rajasthan,24.87434,74.62369
UHL,Una Himachal,Himachal Pradesh,31.47878,76.27566
ARA,Ara,,25.54889,84.6626
BXF,Barsuan,Odisha,21.8474,85.1198
NLDM,Nangal Dam,,31.37054,76.37262
MTDM,Metur Dam,,11.80708,77.83201
RXL,Raxaul Jn,Bihar,26.98702,84.84456
DKAE,Dankuni,,22.67742,88.29149
RKSH,Rishikesh,Uttarakhand,30.10717,78.2875
DDN,Dehradun,Uttarakhand,30.31404,78.0336
MLN,Mailani,Uttar Pradesh,28.28435,80.34732
BUW,Burhwal,,27.08708,81.39016
MUV,Manduadih,Uttar Pradesh,25.3,82.97208
MDSA,Modasa,Gujarat,23.45192,73.30494
TPH,Tinpahar Jn,,24.99693,87.74381
CSN,Chalisgaon Jn,,20.46411,74.99905
ATT,Atari,Punjab,31.59493,74.60724
LAD,Lohardaga,Jharkhand,23.44597,84.70733
ETAH,Etah,Uttar Pradesh,27.57117,78.65392
JHS,Jhansi Jn,,25.44358,78.55298
BOE,Barsoi Jn,,25.65124,87.92294
AMLA,Amla Jn,,21.91972,78.12319
SHC,Saharsa Jn,Bihar,25.87521,86.59495
BIR,Bir,Madhya Pradesh,22.05264,76.54723
SRMT,Sirmuttra,Rajasthan,26.5189,77.37517
CSTM,Mumbai Cst,Maharashtra,18.94448,72.8369
HLZ,Haldia,West Bengal,22.04528,88.06589
GAD,Gevra Road,Chhattisgarh,22.34852,82.64566
GTL,Guntakal Jn,,15.17556,77.36661
GNT,Guntur Jn,,16.30078,80.44197
LKU,Lal Kuan,Uttarakhand,29.07157,79.51764
BC,Bareilly City,,28.35566,79.40372
NED,Huzur Sahib Nanded,Maharashtra,19.16052,77.31048
JAB,Yamuna Bridge Agra,,27.19151,78.03813
NSL,Nagarsol,Maharashtra,20.10245,74.54165
KYI,Kalyani,West Bengal,22.96922,88.4675
LGH,Lalgarh Jn,Rajasthan,28.04364,73.31391
MKP,Manikpur Jn,Uttar Pradesh,25.06349,81.09366
PTK,Pathankot,Punjab,32.2718,75.64443
BZU,Betul,,21.89639,77.9059
KNH,Konch,Uttar Pradesh,25.99511,79.15771
LD,Londa Jn,Karnataka,15.45027,74.49698
KSJF,Kasganj Mg,Uttar Pradesh,27.80127,78.64517
WR,Wardha Jn,,20.73278,78.59416
DG,Dindigul Jn,,10.35381,77.98547
SRE,Saharanpur,,29.96053,77.54174
MHV,Mahuva Jn,Gujarat,21.09412,71.75601
AWR,Alwar,Rajasthan,27.55927,76.62127
BCY,Varanasi City,Uttar Pradesh,25.33412,83.01411
SEE,Sonpur Jn,,25.69685,85.16685
KTNA,Kathana,Gujarat,22.23572,72.75263
BKI,Bandikui Jn,,27.03927,76.56672
SHTT,Silghat Town,Assam,26.6089,92.92993
NOQ,New Alipurdaur,,26.48572,89.5414
GWO,Gwalior Ng,Madhya Pradesh,26.21647,78.18228
MRIJ,Murliganj,Bihar,25.88851,87.00045
SNDT,Sindri Town,Jharkhand,23.66099,86.47988
KPD,Katpadi Jn,,12.97273,79.13534
PUU,Punalur,Tamil Nadu,9.02334,76.9161
RJPB,Rajendra Nagar Bihar,,25.60335,85.16245
TPTY,Tirupati Main,,13.62763,79.41897
WSA,Wadsa,Maharashtra,20.6242,79.96351
KJV,Khijadiya Junction,Gujarat,21.74087,71.27556
PNP,Panipat Jn,,29.38895,76.96379
ALJN,Aligarh Jn,,27.88958,78.07456
NDB,Nandurbar,,21.37481,74.24648
SBC,Bangalore City Jn,Karnataka,12.9776,77.56808
KHED,Khed,Maharashtra,17.71206,73.40881
RJL,Rajmahal,Jharkhand,25.05253,87.83145
SWM,Sawai Madhopur,,26.01828,76.35622
TQN,Tikunia,Uttar Pradesh,28.37882,80.98122
RE,Rewari,Haryana,28.20278,76.60941
NBQ,New Bongaigaon,,26.47584,90.53684
MTD,Merta Road Jn,,26.72808,73.9179
LPI,Lingampalli,,17.48287,78.31677
SGL,Sagauli Jn,Bihar,26.75819,84.73934
ONR,Coonoor,Tamil Nadu,11.34371,76.79134
MTM,Machilipatnam,Andhra Pradesh,16.17126,81.13776
NRW,Narwana Jn,Haryana,29.58863,76.10929
HZD,Hazaribagh Road,,24.17458,85.89204
MMR,Manmad Jn,,20.24989,74.4383
ELP,Achalpur,Maharashtra,21.2776,77.51926
BNW,Bhiwani,Haryana,28.79843,76.12558
FKA,Fazilka,Punjab,30.40864,74.02542
TRT,Tiruttani,,13.17922,79.61139
TDU,Tandur,,17.25044,77.58504
BHRB,Bhairabi,Mizoram,24.19546,92.54106
IPR,Islampur,Bihar,25.13858,85.2173
AZ,Azimganj Jn,West Bengal,24.21905,88.25676
DGR,Durgapur,,23.49505,87.2979
SLN,Sultanpur,,26.26303,82.06611
CUPJ,Cuddalore Port,Tamil Nadu,11.71512,79.76629
KKDE,Kurukshetra Jn,,29.96944,76.8528
BMO,Bolarum,Andhra Pradesh,17.53355,78.51542
BIRL,Biraul,Bihar,25.93706,86.23373
CTA,Chitradurg,Karnataka,14.23115,76.38643
BER,Beawar,Rajasthan,26.10891,74.31497
KNW,Khandwa,Madhya Pradesh,21.8236,76.35323
SLI,Sangli,Maharashtra,16.85867,74.58894
DB,Dabhoi Junction,Gujarat,22.13775,73.41547
BRKA,Barkakana,,23.62416,85.46955
AMH,Azamgarh,,26.03861,83.16061
NDAE,Nabadwip Dham,West Bengal,23.39659,88.35647
STB,Shantipur,West Bengal,23.26266,88.43503
OKHA,Okha,Gujarat,22.47096,69.07377
GUNA,Guna,,24.6405,77.3141
BVRM,Bhimavaram Junction,Andhra Pradesh,16.5431,81.53834
TBD,Telibandha,Chhattisgarh,21.23564,81.67053
DHO,Dhaulpur,,26.69759,77.90605
GZB,Ghaziabad,,28.6497,77.4311
TPJ,Tiruchirappalli,,10.79407,78.68536
GNPR,Gunupur,Orissa,19.06906,83.80996
DVL,Devlali,,19.89751,73.83729
BGM,Belgaum,Karnataka,15.84924,74.50956
PBR,Porbandar,Gujarat,21.6436,69.61551
GMO,Gomoh Jn,,23.87311,86.14823
BPO,Baripada,Orissa,21.92274,86.73709
PPR,Pipar Road Jn,,26.45285,73.4487
JJP,Jhanjharpur,Bihar,26.22849,86.26783
TMR,Tumsar Road,,21.34244,79.75142
KURJ,Khajuraho,Madhya Pradesh,24.79698,79.89002
G,Gondia Jn,,21.46243,80.19084
KZJ,Kazipet Jn,,17.97421,79.51103
SPC,Sitapur City,,27.58361,80.67969
BDHN,Bodhan,Andhra Pradesh,18.64593,77.88817
MBO,Mairabari,Assam,26.45084,92.42106
SCL,Silchar,Assam,24.83034,92.78679
PV,Pallavaram,,12.96827,80.15245
AVD,Avadi,,13.11825,80.10052
BNDA,Banda Jn,Uttar Pradesh,25.47768,80.33625
NK,Nasik Road,,19.94763,73.8419
AK,Akola Jn,,20.72308,77.0055
ADI,Ahmedabad Jn,,23.02551,72.60152
PIT,Palitana,Gujarat,21.5383,71.8232
ARVI,Arvi,,,
SML,Shimla,Himachal Pradesh,31.10279,77.15993
KTE,Katni,Madhya Pradesh,23.83338,80.40054
JMKR,Jawlmukhi Road,Himachal Pradesh,32.01574,76.22643
BSR,Vasai Road,Maharashtra,19.38245,72.83222
DKGN,Dekargaon,,26.68117,92.76308
BSP,Bilaspur Jn,,22.05747,82.16759
HTE,Hatia,,23.31161,85.30822
MDGR,Manendragarh,Madhya Pradesh,23.21975,82.19773
SPN,Shahjehanpur,,27.89422,79.90461
PDY,Puducherry,Puducherry,11.92545,79.82813
AYC,Ayodhya Cantt,,,
CTO,Chittoor,,13.21986,79.10325
KLK,Kalka,Haryana,30.83767,76.93176
KIR,Katihar Jn,,25.54895,87.56641
KNJ,Krishnanagar City Junction,West Bengal,23.38871,88.49364
NMKA,Namkhana,West Bengal,21.77224,88.23956
MBF,Munabao,Rajasthan,25.74261,70.27654
AMP,Ahmadpur Jn,,23.83251,87.69284
FKG,Furkating Jn,Assam,26.46565,94.00269
VSHI,Vaishali,,,
CLT,Kozhikode,Kerala,11.24623,75.78041
APH,Anupgarh,Rajasthan,29.1969,73.20456
RGV,Raghopur,,,
UAM,Udagamandalam,Tamil Nadu,11.40458,76.69473
HJP,Hajipur Jn,,25.70291,85.2155
ASR,Amritsar Jn,,31.63151,74.85802
ASH,Aishbagh,,26.83739,80.90961
UJN,Ujjain Jn,,23.17815,75.7814
DAS,Dhasa Jn,Gujarat,21.78254,71.51801
KNLS,Kanalas Jn,Gujarat,22.31996,69.89655
SC,Secunderabad Jn,,17.43315,78.50148
SZP,Shahjahanpur,Uttar Pradesh,27.8934,79.90454
GHD,Garwa Road,,24.21442,83.88512
GG,Gandhigram,Gujarat,23.02676,72.56883
JUC,Jalandhar City,,31.33167,75.5915
BT,Barasat,West Bengal,22.72388,88.48348
SPR,Sonarpur Junction,West Bengal,22.44336,88.42977
BGNA,Balgona,West Bengal,23.45805,87.95046
CPK,Chaparmukh Jn,Assam,26.20227,92.51172
BKP,Bakhtiyarpur Jn,,25.45611,85.52956
PSA,Palasa,,18.75678,84.42209
BHC,Bhadrakh,,21.09175,86.51623
JYG,Jaynagar,,26.58947,86.13487
JAM,Jamnagar,Gujarat,22.49399,70.05388
HAPA,Hapa,Gujarat,22.46897,70.11814
KAWR,Karwar,Karnataka,14.82139,74.18314
JSM,Jaisalmer,Rajasthan,26.91655,70.92824
AGTL,Agartala,Tripura,23.79242,91.27848
GNC,Gandhinagar Capital,Gujarat,23.23338,72.62916
FTP,Fatehpur,,25.91749,80.80187
MZL,Mirzapali,Andhra Pradesh,18.01796,78.4153
ED,Erode Jn,,11.32768,77.72593
HSR,Hisar,Haryana,29.15234,75.72431
PGT,Palakkad,,10.80209,76.64193
PWL,Palwal,,28.15184,77.34223
KGP,Kharagpur Jn,,22.34143,87.32846
MAQ,Mangalore Cntl,Karnataka,12.86233,74.84407
MAE,Matheran,Maharashtra,18.98924,73.27091
NHT,Nalhati Jn,,24.29571,87.83867
KOTA,Kota Jn,,25.22355,75.8805
KSB,Kosamba Jn,,21.46405,72.9546
BGU,Bairgania,Bihar,26.73828,85.27333
HRS,Hathras Jn,,27.62483,78.13707
BAKA,Banka,Bihar,24.8659,86.91169
HSRA,Hosur,Tamil Nadu,12.71761,77.82284
GKP,Gorakhpur Jn,,26.75931,83.3815
SGO,Saugor,,23.84735,78.74292
CKTD,Chitrakutdham Karwi,Uttar Pradesh,25.21761,80.92278
BVI,Borivali,Maharashtra,19.22874,72.85641
BNC,Bangalore Cant,Karnataka,12.99367,77.59933
LSI,Laheria Sarai,,26.11063,85.90382
RAL,Repalle,Andhra Pradesh,16.01979,80.82874
MURI,Muri,,23.37628,85.86699
BE,Bareilly,,28.33715,79.41084
INDB,Indore Jn Bg,Madhya Pradesh,22.71757,75.86843
SVDK,S M V D Katra,,32.98281,74.93574
UDZ,Udaipur City,Rajasthan,24.56686,73.69963
MJ,Marwar Jn,Rajasthan,25.72048,73.6093
RMR,Ramnagar,Uttarakhand,29.39022,79.12224
ROK,Rohtak Jn,Haryana,28.8909,76.57955
KSNG,Kesinga,,20.1881,83.22471
CAPE,Kanyakumari,Tamil Nadu,8.08803,77.5425
HWH,Howrah Jn,,22.58408,88.341
BI,Bari Sadri,Rajasthan,24.41146,74.46872
PTA,Patiala,Punjab,30.34425,76.4041
PYGS,Prayagraj Sangam,,,
ALLP,Alleppey,,9.48376,76.32248
HW,Haridwar Jn,Uttarakhand,29.94779,78.1549
RRS,Raghuraj Singh,Uttar Pradesh,26.25584,80.87967
BTT,Bhatni Jn,,26.38126,83.93403
ROHA,Roha,Maharashtra,18.44649,73.12358
BLD,Bhilad,Gujarat,20.27532,72.88745
YTL,Yavatmal,Maharashtra,20.3873,78.11973
SA,Salem Jn,,11.67173,78.11342
AF,Agra Fort,,27.18331,78.0191
SIU,Singur,West Bengal,22.81456,88.22871
BLDI,Bhildi,Gujarat,24.19425,72.00819
BLM,Balamu Jn,,27.16736,80.3525
SOU,Supaul,Bihar,26.11756,86.60302
MVJ,Mavli Jn,Rajasthan,24.79459,73.97372
CWA,Chhindwara Junction,Madhya Pradesh,22.0582,78.95321
TPT,Tirupattur Jn,,12.49795,78.56142
MLDT,Malda Town,,25.01566,88.13034
PUNE,Pune Jn,,18.52938,73.87309
VKB,Vikarabad Jn,,17.33713,77.90941
ITR,Itwari,,21.15782,79.11924
JBN,Jogbani,,26.40226,87.26326
KTYM,Kottayam,,9.59418,76.53217
JBP,Jabalpur,Madhya Pradesh,23.16464,79.95092
KDJR,Kendujhargarh,Orissa,21.66029,85.62691
PKU,Panskura,,22.3931,87.74302
BRGW,Bargawan,Madhya Pradesh,24.197,82.45599
TIG,Titlagarh,,20.2844,83.15438
JAJ,Jhajha,,24.77946,86.39985
NIL,Nilambur Road,Kerala,11.27881,76.25478
RUJ,Ranuj,Gujarat,23.75937,72.21524
POY,Pollachi Jn,,10.65308,77.00134
RJU,Rajula City,Gujarat,21.04657,71.45598
SURI,Siuri,West Bengal,23.89018,87.5327
TK,Tumkur,Karnataka,13.33303,77.10244
SRC,Santragachi Jn,,22.58393,88.28401
BTE,Bharatpur Jn,,27.23711,77.48861
JDB,Jagdalpur,Chhattisgarh,19.066,82.01376
AJJ,Arakkonam,,13.08151,79.66799
NRKR,Narkher,,21.46872,78.52481
SKTN,Shakti Nagar,Uttar Pradesh,24.1229,82.70473
AMI,Amravati,Maharashtra,20.93008,77.75779
CCT,Kakinada Town,Andhra Pradesh,16.96701,82.23292
GDR,Gudur Jn,,14.14823,79.84512
ADIJ,Ahmedabad Jn,,23.02572,72.60172
MBNR,Mahbubnagar,,16.75777,77.99943
FBG,Forbesganj,,26.2989,87.2628
KXJ,Karimganj Junction,Assam,24.86072,92.37377
HBJ,Habibganj,,23.22198,77.43943
MGS,Mughal Sarai Jn,,25.27815,83.11925
SDLP,Sadulpur Junction,Rajasthan,28.63114,75.38699
CH,Chandausi Jn,Uttar Pradesh,28.45863,78.78027
LMG,Lumding Jn,Assam,25.75004,93.1766
MDU,Madurai Jn,,9.91991,78.11031
BDME,Baidyanathdham Deoghar,Jharkhand,24.48926,86.69207
TLGP,Talguppa,Karnataka,14.21401,74.91409
MCLA,Macherla,Andhra Pradesh,16.46951,79.43828
SWD,Sanawad,Madhya Pradesh,22.17581,76.07457
KMZ,Katni Murwara,,23.83436,80.40148
LPNR,Lajpat Nagar,Delhi NCT,28.57927,77.24414
JNO,Junnor Deo,Madhya Pradesh,22.19128,78.59205
PRTN,Pratapnagar,Gujarat,22.28114,73.21029
GDV,Gudivada Jn,Andhra Pradesh,16.42989,80.98759
TEL,Tenali Jn,,16.24241,80.64041
MDP,Madhupur Jn,,24.27063,86.64218
GRD,Giridih,Jharkhand,24.18226,86.31465
JRU,Chikjajur Jn,Karnataka,14.12611,76.13871
GAYA,Gaya Jn,,24.80398,84.99929
SUNR,Surendranagar,Gujarat,22.7443,71.63006
DLJ,Dhola Jn,Gujarat,21.82255,71.73827
KOP,C Shahu M Raj Kolhapur Term,Maharashtra,16.70257,74.2377
PBN,Parbhani Jn,Maharashtra,19.25746,76.77412
BXT,Bamanhat,West Bengal,26.07628,89.62798
MS,Chennai Egmore,,13.07768,80.26019
BJPL,Baijnath Paprola,Himachal Pradesh,32.05037,76.63251
NGP,Nagpur,,21.15357,79.089
DGHA,Digha Flag Station,West Bengal,21.62238,87.50765
PRG,Prayag,Uttar Pradesh,25.46794,81.86708
GPD,Gummidipundi,,13.40963,80.12343
DBB,Dhubri,Assam,26.02314,89.97795
LKO,Lucknow,,26.83067,80.92529
HSX,Hoshiarpur,Punjab,31.52407,75.90558
BHW,Barharwa Jn,,24.85775,87.77449
BH,Bharuch Jn,,21.70691,72.99769
NDLS,New Delhi,,28.64231,77.22
QLM,Kulem,Goa,15.33404,74.24423
PC,Pachora Jn,,20.66839,75.34831
BQA,Bankura,West Bengal,23.22439,87.07469
PRDP,Paradip,Orissa,20.28036,86.62014
LNK,Lohian Khas Jn,Punjab,31.16546,75.19644
DUMK,Dumka,Jharkhand,24.28953,87.25498
NRE,Nandalur,,14.26492,79.10572
BCT,Mumbai Central,Maharashtra,18.97067,72.81938
KQR,Koderma,,24.43474,85.52946
SIKR,Sikar Junction,Rajasthan,27.61628,75.15338
ALD,Allahabad Jn,,25.44624,81.82882
BSPX,Banspani,Orissa,22.00024,85.42341
MZR,Murtajapur,,20.73647,77.35482
KWF,Katwa,West Bengal,23.6398,88.12358
GHY,Guwahati,,26.18264,91.75185
DHN,Dhanbad Jn,,23.79097,86.42896
RMO,Ramakona,Madhya Pradesh,21.68435,78.82651
DGHR,Deoghar,Jharkhand,24.51178,86.69712
AUB,Aluabari Road,,26.26968,88.18561
SRUR,Sirpur Town,,19.47906,79.56042
BKN,Bikaner Jn,,28.01414,73.3166
DLI,Old Delhi,Delhi NCT,28.66182,77.22836
MHUR,Mohanpur,Jharkhand,24.48846,86.78565
SOP,Shiupur,,25.35542,82.94697
ABS,Abohar,Punjab,30.13938,74.19569
QLN,Kollam Jn,,8.88659,76.59675
BDCR,Bhadrachalam Road,Andhra Pradesh,17.55036,80.61602
HRR,Harihar,Karnataka,14.51543,75.81231
RIG,Raigarh,,21.89129,83.39067
JIND,Jind Jn,Haryana,29.32888,76.28962
KSV,Kosi Kalan,,27.78855,77.446
MSB,Chennai Beach,,13.09034,80.2916
PAU,Purna Jn,Maharashtra,19.18053,77.02499
SBG,Sahibganj Jn,,25.24139,87.63458
CLR,Castle Rock,Karnataka,15.39788,74.33448
GR,Gulbarga,,17.31437,76.82444
MAJN,Mangalore Jn,Karnataka,12.86619,74.88006
DRD,Dahanu Road,Maharashtra,19.99122,72.74337
JRBM,Jiribam,Assam,24.79885,93.12438
STP,Sitapur,Uttar Pradesh,27.55873,80.69776
BVP,Bhavanagar Para,Gujarat,21.77089,72.11868
WGI,Waghai,Gujarat,20.77264,73.50047
GDG,Gadag Jn,Karnataka,15.43705,75.64248
ANDI,Adarsh Nagar Delhi,,28.7142,77.16671
SKI,Sakri Jn,,26.20895,86.07814
BXN,Bayana Jn,Rajasthan,26.91635,77.29713
GD,Gonda Jn,,27.15461,81.97815
AVP,Abhanpur Junction,Chhattisgarh,21.0522,81.7449
SSPN,Satya Sai P Nilayam,,14.16047,77.75756
MXN,Mariani Jn,Assam,26.65243,94.3082
ANVT,Anand Vihar Trm,,28.6505,77.31521
TAK,Tarakeswar,West Bengal,22.88258,88.01344
CPA,Kanpur Anwarganj,,26.45623,80.32844
BJP,Bijapur,Karnataka,16.83106,75.74
HMT,Himmatnagar,Gujarat,23.59165,72.96036
KOAA,Kolkata Chitpur,,22.60117,88.38518
DHI,Dhule,Maharashtra,20.88775,74.76885
DEE,Delhi Sarai Rohilla,Delhi NCT,28.66299,77.18711
VLNK,Velankanni,,10.6875,79.84676
ASSH,Aishbagh,,26.83609,80.90862
DKJ,Dornakal Jn,Andhra Pradesh,17.44599,80.15316
STN,Sitarampur,,23.72386,86.89647
ND,Nadiad Jn,,22.69411,72.85572
RC,Raichur,,16.19244,77.33916
SNT,Sainthia,,23.94974,87.6812
SPE,Sullurupeta,,13.69646,80.01816
SRDR,Sardarshahr,Rajasthan,28.43959,74.47906
MUGR,Manuguru,Andhra Pradesh,17.92527,80.79903
MYS,Mysore Jn,Karnataka,12.31895,76.64601
CPR,Chhapra,,25.78832,84.725
PRNA,Purnia Jn,,25.79068,87.51912
KSJ,Kasganj,,27.80189,78.64603
BARI,Bari,Rajasthan,26.65006,77.61817
JMB,Jambusar Jn.,,,
GWL,Gwalior Jn,,26.21648,78.18229
NHM,Nandol Dehegam,Gujarat,23.17417,72.81584
VLCY,Velachery,Tamil Nadu,12.96709,80.21922
KKDI,Karaikkudi Junction,Tamil Nadu,10.06852,78.79331
GODA,Godda,,,
GIMB,Gandhidham Bg,,23.06909,70.14775
TN,Tuticorin,Tamil Nadu,8.80611,78.15536
VM,Villupuram Jn,,11.94297,79.5001
TSK,Tinsukia Junction,Assam,27.4864,95.35637
DHD,Dahod,,22.84361,74.25337
UCR,Unchahar Junction,Uttar Pradesh,25.90232,81.30014
NDKD,Nadikode,,16.59063,79.72357
DSA,Delhi Shahdara,Delhi NCT,28.6731,77.29315
NJP,New Jalpaiguri,,26.68303,88.44339
SMET,Shimoga Town,Karnataka,13.94304,75.58317
MYM,Memari,,23.17293,88.09564
LTT,Lokmanya Tilak Term,,19.07032,72.89174
SOE,Sheopur Kalan,Madhya Pradesh,25.67554,76.70039
KGN,Kurseong,West Bengal,26.8774,88.277
LHU,Loharu,Haryana,28.42705,75.80161
BAM,Brahmapur,,19.29613,84.79669
BJU,Barauni Jn,,25.46177,85.98875
CBP,Chik Ballapur,Karnataka,13.43132,77.73254
DNR,Danapur,,25.58192,85.04463
SMQL,Shamli,Uttar Pradesh,29.4446,77.31623
BIX,Bhind,Madhya Pradesh,26.5889,78.77744
RIM,Rajim,Chhattisgarh,20.96947,81.86743
RHA,Ranaghat Junction,West Bengal,23.17334,88.56818
RTK,Ramtek,Maharashtra,21.40072,79.3265
FD,Faizabad Jn,,26.769,82.13557
PPTA,Patliputra,,25.62143,85.06851
RTGH,Ratangarh Junction,Rajasthan,28.06659,74.6236
KTW,Kotdwara,Uttarakhand,29.74293,78.52116
TVR,Thiruvarur Jn,Tamil Nadu,10.76435,79.6339
ADB,Adilabad,Andhra Pradesh,19.6801,78.53529
BXR,Buxar,,25.56207,83.98218
BIM,Bilimora Jn,Gujarat,20.76332,72.97047
KIG,Kolaghat Goods,,22.43519,87.88087
RBL,Rae Bareli Jn,,26.23268,81.23932
BBU,Bhabua Road,,25.17301,83.61891
BDE,Bodeli,Gujarat,22.27019,73.71658
NFK,New Farakka Jn,,24.79456,87.91524
RTM,Ratlam Jn,,23.34038,75.05083
BDRN,Bhadran,,,
STF,Sikta,Bihar,27.02436,84.68054
KCVL,Kochuveli,,8.50925,76.8961
RJT,Rajkot Jn,Gujarat,22.31221,70.80345
BHUJ,Bhuj,Gujarat,23.26602,69.67783
KPV,Kashipur,Uttarakhand,29.20498,78.96071
SBL,Sabalgarh,Madhya Pradesh,26.25127,77.40874
DDR,Mumbai Dadar West,Maharashtra,19.01973,72.84347
MFP,Muzaffarpur Jn,,26.12231,85.37801
LUR,Latur,Maharashtra,18.42917,76.55605
SWV,Sawantwadi Road,Maharashtra,15.86651,73.78531
LDH,Ludhiana Jn,,30.91237,75.84787
JMP,Jamalpur Jn,,25.31391,86.49228
BAY,Bellary Jn,Karnataka,15.14513,76.92199
JNU,Jaunpur Jn,Uttar Pradesh,25.76285,82.6997
DUI,Dhuri Jn,Punjab,30.37274,75.8666
BHP,Bolpur Shantiniketan,,23.6578,87.69814
BSKH,Basukinath,Jharkhand,24.38894,87.0451
AWB,Aurangabad,Maharashtra,19.85928,75.31065
CMU,Chau Mahla,,23.9482,75.60086
VR,Virar,Maharashtra,19.45441,72.81174
SMNH,Somnath,Gujarat,20.89613,70.40825
JTJ,Jolarpettai,,12.56085,78.57782
MRK,Markapur Road,,15.71468,79.30111
STM,St Thomas Mount,,12.99491,80.19939
MLSR,Malsar,Gujarat,21.88941,73.31641
RGDA,Rayagada,,19.17564,83.41051
LKQ,Laukaha Bazar,Bihar,26.5432,86.46301
UMPD,Umarpada,,,
MTP,Mettupalayam,Tamil Nadu,11.29973,76.93453
MKA,Mokameh Jn,,25.39188,85.91305
BWN,Barddhaman Jn,,23.24972,87.87028
GAH,Gawnaha,Bihar,27.26984,84.52018
STR,Satara,Maharashtra,17.68836,74.06373
GDA,Godhra Jn,,22.77697,73.60367
KRDL,Kirandul,Chhattisgarh,18.75749,81.25813
RN,Ratnagiri,Maharashtra,17.00279,73.35694
NIR,Nainpur Junction,Madhya Pradesh,22.42568,80.10885
BSL,Bhusaval Jn,,21.04728,75.78867
CRJ,Chittaranjan,,23.85714,86.87804
ASK,Arsikere Jn,Karnataka,13.31442,76.25208
KWAE,Katwa,West Bengal,23.64032,88.12408
GBA,Garhbeta,West Bengal,22.84456,87.32097
BGK,Bagalkot,Karnataka,16.17879,75.70024
ANGL,Angul,,20.85945,85.09999
CRP,Chandrapura,,23.75568,86.11978
MYGL,Miyagam Karjan Junction Ng,,22.05013,73.11976
MKRL,Motikoral,,,
MNM,Manamadurai Jn,Tamil Nadu,9.68154,78.45351
RPR,Raghunathpur,,25.56544,84.30523
PVR,Pandharpur,Maharashtra,17.66849,75.31928
SHM,Kolkata Shalimar,West Bengal,22.55551,88.31561
JHL,Jakhal Jn,Haryana,29.80181,75.8245
MUR,Mankapur Jn,,27.03906,82.22765
YPR,Yesvantpur Jn,,13.02284,77.55117
MTJ,Mathura Jn,,27.48015,77.67312
PURI,Puri,,19.81146,85.83999
BGS,Begu Sarai,Bihar,25.4253,86.13448
NZM,Delhi H Nizamuddin,,28.58733,77.25425
CHD,Chandia Road,,23.64544,80.70144
SNSI,Sainagar Shirdi,Maharashtra,19.78079,74.48069
DD,Daund Jn,,18.46355,74.57862
PRES,Pattabiram East,Tamil Nadu,13.14585,80.0687
RRB,Birur Jn,Karnataka,13.5911,75.97475
DJ,Darjeeling,West Bengal,27.03815,88.26333
ETW,Etawah,,26.78597,79.0215
JSG,Jharsuguda Jn,,21.86227,84.01743
CHRM,Chirmiri,Chhattisgarh,23.18949,82.34955
GUV,Guruvayur,Kerala,10.5969,76.04546
BLGT,Balurghat,,25.23265,88.75764
DLN,Dildarnagar Jn,,25.41942,83.66832
TNM,Tiruvannamalai,Tamil Nadu,12.2381,79.07778
TMLP,Tirumalpur,Tamil Nadu,12.95633,79.67349
DOS,Dehri On Sone,,24.91489,84.18543
DBG,Darbhanga Jn,,26.15709,85.90757
MKC,Maksi,,23.25163,76.15912
BRMP,Biramitrapur,Orissa,22.39713,84.73696
BD,Badnera Jn,,20.85679,77.73232
AIT,Ait,,25.90372,79.23044
JDNX,Joginder Nagar,Himachal Pradesh,31.98843,76.78889
KRNT,Kurnool Town,,15.83371,78.03266
MSH,Mahesana Jn,Gujarat,23.60262,72.38871
MUT,Meerut Cant,Uttar Pradesh,29.016,77.68694
LAK,Lakho,Bihar,25.41636,86.205
LKKA,Lalkua Jn.,,,
HMH,Hanumangarh Jn,Rajasthan,29.6149,74.29763
R,Raipur Jn,,21.25646,81.62933
TRG,Tarighat,Uttar Pradesh,25.57172,83.6021
DR,Mumbai Dadar Central,,19.01718,72.84297
RGD,Rajgir,Bihar,25.03307,85.4147
BPQ,Balharshah,,19.84902,79.34859
CMNR,Chamarajanagar,Karnataka,11.93489,76.93281
KYJ,Kayankulam Jn,,9.18259,76.51293
AADR,Amb Andora,,31.67073,76.11039
PGMD,Pragati Maidan,,28.61527,77.24728
MSSN,Maishashan,,,
AMG,Alam Nagar,,,
KBK,Khamil Ghat,,,
TKNR,Thakurnagar,,,
DKDE,Dankaur,,,
DADN,Mhow,,,
MRDW,Murdeshwar,,,
ULB,Ulubaria,,,
NILE,Nimtita,,,
CDAE,Chandanpur,,,
BHNG,Bhalukpong,,,
DNGI,Dangari,,,
BA,Bandra,,,
AGA,Agra City,,,
VS,Vishwamitri,,,
MLFC,Malda Court,,,
STD,Satrod,,,
VKA,Verka Jn.,,,
DER,Dadri,,,
JGN,Jagraon,,,
GHH,Garhi Harsar,,,
GOF,Ghutiari Sha,,,
SBB,Sahibabad,,,
LKPR,Lakshmikanta,,,
BWIP,Bhawanipatna,,,
GT,Ghatkesar,,,
BHJ,Barhaj Bazar,,,
KKP,Kot Kapura J,,,
CMGR,Chikmagaluru,,,
RDRA,Ramdevra,,,
ADH,Andheri,,,
HGL,Harangul,,,
KLYM,Kalyani Sima,,,
ENR,Ennore,,,
MHC,Masrakh,,,
CCG,Churchgate,,,
BP,Barrackpore,,,
TNPR,Teznarayanpu,,,
BLY,Bally,,,
NDT,Nathdwara,,,
RG,Rajghat Naro,,,
TETA,Telta,,,
DOZ,Daurai,,,
NSS,Nawashahr Do,,,
BRPA,Barui Para,,,
PBC,Parvatsar Ci,,,
BRMH,Belurmath,,,
SRP,Shrirampur,,,
TI,Tiruninravur,,,
SGUT,Siliguri Tow,,,
MGT,Magrahat,,,
SHE,Seoraphuli J,,,
GRAE,Gurap,,,
GKC,Gorakhpur Ca,,,
DBNK,Derababa Nan,,,
NNP,Nanpara Jn.,,,
ADTL,Adhartal,,,
KGK,Kankurgachhi,,,
NNGE,Narangi,,,
BRP,Baruipur Jn.,,,
CLC,Chalala,,,
NUPR,Nurpur Road,,,
BDGM,Budgam,,,
MMG,Madhyam Gram,,,
CI,Chhapra Kach,,,
KRP,Krishnapur,,,
JM,Jalamb Jn.,,,
JPE,Jalpaiguri R,,,
MEJ,Vanchi Maniy,,,
BCK,Balichak,,,
MJN,Makum Jn.,,,
KEMK,Khem Karan,,,
BNXR,Bidhannagar,,,
BZN,Bagnan,,,
KWDP,Kwakdwip,,,
MNDP,Mendipathar,,,
HPL,Hari Pal,,,
MSK,Mahesh Khunt,,,
BJW,Bajva,,,
SNF,Sanat Nagar,,,
BSHT,Basirhat,,,
SASN,Sahibzada Aj,,,
PTP,Patal Pani,,,
BIC,Bichia,,,
GTS,Ghatsila,,,
TOK,Thokur,,,
DDC,Dumdum Canto,,,
BLN,Ballygunge J,,,
PDA,Pundooah,,,
MEC,Merta City,,,
BRK,Bahraich,,,
JEA,Nakaha Jungl,,,
QDN,Qadian,,,
HB,Habra,,,
KGE,Katangi,,,
DDJ,Dum Dum Jn.,,,
HNB,Hasanabad,,,
BYR,Bhayandar,,,
GBE,Gayabari,,,
DTK,Dattapukur,,,
AMBG,Arambag,,,
MAI,Mehsi,,,
TIL,Tilrath,,,
GBG,Gobardanga,,,
GI,Guduvancheri,,,
KKD,Kala Kund,,,
MJT,Majerhat,,,
UR,Umdanagar,,,
SLGR,Simaluguri J,,,
BGTN,Bhagtanwala,,,
GAMI,Gogameri,,,
CJ,Kanchipuram,,,
PUHT,Pushkar Term,,,
VRLF,Veraval Mg,,,
BNJ,Bangaon Jn.,,,
KRMI,Karmali,,,
HBN,Haibargaon,,,
MZS,Murkeong Sel,,,
POK,Pokaran,,,
CHT,Champahati,,,
BNGN,Bongaigaon,,,
LMNR,Laxmibainaga,,,
GGGS,Garha Goods,,,
JNRD,Junagarh Roa,,,
LWR,Alnavar Jn.,,,
MMD,Mahesha Mund,,,
TTO,Tarn Taran,,,
PLLD,Phaltan,,,
ANLG,Aman Lodge,,,
MBDP,Maa Belha Devi Dham Pratapgarh Junction,,,
NES,Natesar,,,
KMN,Khamgaon,,,
RCPT,Ramachandrapuram Ts,,,
PAB,Pattabiram,,,
GMN,Goregaon,,,
BLRA,Bilara,,,
BBSN,Bhubaneswar New,,,
JOBT,Jobat,,,
AKLA,Aklera,,,
TLPR,Telapur Jn,,,
SEY,Seoni,,,
SGTY,Sankrail Goods Terminal Yard,,,
SNNR,Sindhanur,,,
KHTI,Kushtagi,,,
BDNK,Bodinayakkanur,,,
AHT,Amghata Halt,,,
SANI,Shanki,,,
GOGT,Goghat,,,
PUKK,Purunakatak,,,
KBGB,Komagata Maru Budge Budge,,,
BEED,Beed,,,
SDWR,Sidhwar,,,
MX,Mumbai (Mahalakshmi),,,
SKHV,Sukhovi,,,
KALM,Kalamb,,,
MDAK,Medak,,,
TDOK,Tadoki,,,
YNRK,Yog Nagari Rishikesh,,,
PCDR,Panchdeori Halt,,,
KGBP,Khongsang,,,
DEIA,Deoria,,,
VDG,Vadnagar,,,
SBRM,Sabroom,,,
HRGR,Harnagar,,,
KRTP,Kartoli Punjab,,,
DLPC,Daulatpur Chauk,,,
SANG,Sairang,,,
BOUH,Boudh,,,
DED,Dandeli,,,
ARPR,Alirajpur,,,
AGX,Agasthiyampalli,,,
SNPU,Sonepur,,,
AMTA,Amta,,,
KRYP,Kadiridevara Palli,,,
TIGJ,Triveniganj,,,
NRLN,NRLN,,,
